actor,movie,new_actor
Jeet Goswami,Golden Boys,Yes
Karan Bhanushali,Kaccha Limboo,Yes
Mahie Gill,Not A Love Story,No
Aadar Jain,Qaidi Band,Yes
Aadil Khan,Chaatwali,Yes
Aakar Kaushik,Shuttlecock Boys,Yes
Aakash,Dirty Marriage,Yes
Aamir Bashir,Future To Bright Hai Ji,No
Aamir Khan,Ghajini,No
Aamir Khan,Taare Zameen Par,No
Aamir Khan,Mangal Pandey - The Rising,No
Aamir Khan,Fanaa,No
Aamir Khan,Dangal,No
Aamir Khan,3 Idiots,No
Aamir Khan,PK,No
Aamir Khan,Rang De Basanti,No
Aamir Khan,Talaash,No
Aamir Khan,Dhoom 3,No
Aanamika Bawa,Pyaar Mein Aisa Hota Hai,Yes
Aarun Nagar,Gurjar Aandolan - A Fight For Right,Yes
Aaryan,Yehi Hai High Society,No
Aasad Mirza,Say Yes To Love,Yes
Aashish Chanana,Dreams - Sapnay Sach Honge...,Yes
Aashish Chaudhary,Three - Love Lies Betrayal,No
Aasif Albela,Malegaon Me Gadbad Ghotala,Yes
Aatri Kumar,Khota Sikka - Jaat Ke Thaath,Yes
Abhay Bakshi,Hi Fi Log,Yes
Abhay Deol,Dev D,No
Abhay Deol,One By Two,No
Abhay Deol,Oye Lucky! Lucky Oye!,No
Abhay Deol,Socha Na Tha,Yes
Abhay Deol,Happy Bhaag Jayegi,No
Abhay Deol,Manorama Six Feet Under,No
Abhay Deol,Honeymoon Travels Pvt. Ltd.,No
Abhay Deol,Ek Chalis Ki Last Local,No
Abhay Deol,Ahista Ahista,No
Abhijeet Sawant,Lottery,Yes
Abhinav Shukla,Roar - Tigers Of The Sundarbans,Yes
Abhishek Anand,Chakradhaar,Yes
Abhishek Bachchan,Players,No
Abhishek Bachchan,Game,No
Abhishek Bachchan,Khelein Hum Jee Jaan Sey,No
Abhishek Bachchan,Drona,No
Abhishek Bachchan,Guru,No
Abhishek Bachchan,Raavan,No
Abhishek Bachchan,Delhi 6,No
Abhishek Bachchan,Bluffmaster,No
Abhishek Bachchan,Dum Maaro Dum,No
Abhishek Bachchan,Bunty Aur Babli,No
Abhishek Bachchan,Jhoom Barabar Jhoom,No
Abhishek Bachchan,Dostana,No
Abhishek Bachchan,All Is Well,No
Abhishek Gupta,Apne Ghayal Indian,Yes
Abhishek Sharma,Naya Pata,No
Abhishek Urade,A Journey Of Samyak Buddha,Yes
Adah Sharma,Hum Hai Raahi Car Ke,No
Adam Bedi,Strings - Bound By Faith,Yes
Adhvik Mahajan,Contract,Yes
Adhyayan Suman,Haal - E - Dil,Yes
Adhyayan Suman,Dehraadun Diary,No
Adhyayan Suman,Jashnn,No
Adhyayan Suman,Heartless,No
Adil Hussain,Zed Plus,No
Adil Hussain,For Real,Yes
Adil Hussain,Lessons In Forgetting,No
Aditi Inamdar,Poorna,Yes
Aditi Sharma,Khanna & Iyer,Yes
Aditya Narayan,Shaapit,Yes
Aditya Om,Bandook,No
Aditya Roy Kapoor,Fitoor,No
Aditya Roy Kapoor,Daawat E Ishq,No
Aditya Roy Kapoor,Aashiqui 2,No
Aditya Roy Kapoor,Ok Jaanu,No
Aditya Samanta,Yeh Jo Mohabbat Hai,Yes
Aditya Shrivastava,Dil Se Poochh... Kidhar Jaana Hai,No
Affi Khan,Ek Aur Murder,Yes
Afsar Khan,Feel - The Touch,No
Aftab Shivdasani,1920 - Evil Returns,No
Aftab Shivdasani,Bin Bulaye Baraati,No
Aftab Shivdasani,Jaane Hoga Kya,No
Aftab Shivdasani,Aao Wish Karein,No
Aftab Shivdasani,Darwaza Bandh Rakho,No
Aftab Shivdasani,Koi Aap Sa,No
Aftab Shivdasani,Aloo Chaat,No
Aftab Shivdasani,Ankahee,No
Aftab Shivdasani,Red - The Dark Side,No
Ahsaas Channa,My Friend Ganesha,No
Aishwarya Rai,Umrao Jaan,No
Aishwarya Rai,Provoked,No
Aishwarya Rai,The Mistress Of Spices,No
Ajay Devgn,U Me Aur Hum,No
Ajay Devgn,Shivaay,No
Ajay Devgn,Blackmail,No
Ajay Devgn,Cash,No
Ajay Devgn,Atithi Tum Kab Jaoge?,No
Ajay Devgn,Son Of Sardaar,No
Ajay Devgn,Rascals,No
Ajay Devgn,Main Aisa Hi Hoon,No
Ajay Devgn,Shikhar,No
Ajay Devgn,Insan,No
Ajay Devgn,Zameer - The Fire Within,No
Ajay Devgn,Toonpur Ka Superrhero,No
Ajay Devgn,Dil Toh Baccha Hai Ji,No
Ajay Devgn,Tango Charlie,No
Ajay Devgn,Once Upon A Time In Mumbaai,No
Ajay Devgn,Baadshaho,No
Ajay Devgn,Drishyam,No
Ajay Devgn,Action Jackson,No
Ajay Devgn,Apaharan,No
Ajay Devgn,Satyagraha,No
Ajay Devgn,Aakrosh,No
Ajay Devgn,Tezz,No
Ajay Devgn,Halla Bol,No
Ajay Devgn,Golmaal - Fun Unlimited,No
Ajay Devgn,Sunday,No
Ajay Devgn,Golmaal Returns,No
Ajay Devgn,All The Best - Fun Begins,No
Ajay Devgn,Golmaal 3,No
Ajay Devgn,Singham,No
Ajay Devgn,Bol Bachchan,No
Ajay Devgn,Singham Returns,No
Ajay Devgn,Golmaal Again,No
Ajay Devgn,Himmatwala,No
Ajay Devgn,Kaal,No
Ajay Devgn,Omkara,No
Ajay Jadeja,Pal Pal Dil Ke Ssaat,No
Ajay Kumar,Boyfriend.com,Yes
Ajay Shukla,Jeet Lenge Jahaan,Yes
Ajay Sinh Rathod,Angry Young Man,Yes
Ajay Soni,Jai Balaji Mehndipur Wale,Yes
Ajaz Khan,The World Of Fashion,Yes
Ajaz Khan,Lakeer Ka Fakeer,No
Akanksha Puri,Calendar Girls,Yes
Akash,Bloody Isshq,Yes
Akbar Khan,Faraar,Yes
Akshay Kapoor,Alag,No
Akshay Kumar,Holiday - A Soldier Is Never Off Duty,No
Akshay Kumar,The Shaukeens,No
Akshay Kumar,Welcome,No
Akshay Kumar,Singh Is Kinng,No
Akshay Kumar,Thank You,No
Akshay Kumar,Blue,No
Akshay Kumar,Boss,No
Akshay Kumar,Khiladi 786,No
Akshay Kumar,Bewafaa,No
Akshay Kumar,Tees Maar Khan,No
Akshay Kumar,Entertainment,No
Akshay Kumar,Housefull 3,No
Akshay Kumar,Brothers,No
Akshay Kumar,Jumbo,No
Akshay Kumar,Gabbar Is Back,No
Akshay Kumar,Once Upon A Time In Mumbaai Dobaara!,No
Akshay Kumar,8 x 10 Tasveer,No
Akshay Kumar,Special 26,No
Akshay Kumar,Baby,No
Akshay Kumar,Phir Hera Pheri,No
Akshay Kumar,Chandni Chowk To China,No
Akshay Kumar,Patiala House,No
Akshay Kumar,Rowdy Rathore,No
Akshay Kumar,Singh Is Bling,No
Akshay Kumar,Garam Masala,No
Akshay Kumar,Bhagam Bhag,No
Akshay Kumar,Bhool Bhulaiyaa,No
Akshay Kumar,De Dana Dan,No
Akshay Kumar,Khatta Meetha,No
Akshay Kumar,Humko Deewana Kar Gaye,No
Akshay Kumar,Family - Ties of Blood,No
Akshay Kumar,Desi Boyz,No
Akshay Kumar,Kambakkht Ishq,No
Akshay Kumar,Heyy Babyy,No
Akshay Kumar,Housefull,No
Akshay Kumar,Housefull 2,No
Akshay Kumar,Jaan-E-Mann,No
Akshay Kumar,Joker,No
Akshay Kumar,Toilet Ek Prem Katha,No
Akshay Kumar,Jolly LLB 2,No
Akshay Kumar,Dosti - Friends Forever,No
Akshay Kumar,Mere Jeevan Saathi,No
Akshay Kumar,OMG! Oh My God,No
Akshay Kumar,Tashan,No
Akshay Kumar,Deewane Huye Paagal,No
Akshay Kumar,Waqt - The Race Against Time,No
Akshay Kumar,Namastey London,No
Akshay Kumar,Action Replayy,No
Akshay Oberoi,Pizza,No
Akshay Oberoi,Isi Life Mein...!,Yes
Akshaye Khanna,36 China Town,No
Akshaye Khanna,Naqaab,No
Akshaye Khanna,Dahek,No
Akshaye Khanna,Aap Ki Khatir,No
Akshaye Khanna,Gandhi My Father,No
Akshaye Khanna,Short Kut - The Con Is On,No
Akshaye Khanna,Mere Baap Pehle Aap,No
Akshaye Khanna,Shaadi Se Pehle,No
Akshita,Vatsayanana Kamasutra - 2,Yes
Aksshat,Mr. Majnu,Yes
Al Amin,Romeo Bola Pyar Ki Aisi Ki Taisi,Yes
Ali Fazal,Sonali Cable,No
Ali Fazal,Khamoshiyan,No
Ali Fazal,Always Kabhi Kabhi,Yes
Ali Fazal,Baat Ban Gayi,No
Ali Zafar,Tere Bin Laden,Yes
Ali Zafar,London Paris New York,No
Ali Zafar,Chasme Baddoor,No
Ali Zafar,Total Siyaapa,No
Alia Bhatt,Dear Zindagi,No
Alia Shah,Kkamjori - The Weakness,Yes
Alma Grey,Karma: Crime. Passion. Reincarnation,Yes
Amaan Khan,Ek Baar Dhol Bajao Na,Yes
Aman Sagar,Kamsin - The Untouched,No
Amar Sidhu,Aakhari Decision,Yes
Amarjeet,Iqraar By Chance,Yes
Amarjeet,Runway,No
Amit Hotchandani,Me Mamu & 7,Yes
Amit Kapoor,Hot Maliaka,No
Amit Kapoor,Garam Saansein,No
Amit Kapoor,Bach Ke Zaraa,No
Amit Pachori,Kaam Milan,No
Amit Pachori,Agni Prem,No
Amit Purohit,Aalaap,Yes
Amit Rao,Miss Anara,Yes
Amit Riyaan,332 Mumbai to India,Yes
Amit Sadh,Running Shaadi,No
Amit Sharma,Ek Gumrah,Yes
Amitabh Bachchan,1971,No
Amitabh Bachchan,Pink,No
Amitabh Bachchan,Yaar Meri Zindagi,No
Amitabh Bachchan,Teen Patti,No
Amitabh Bachchan,Viruddh... Family Comes First,No
Amitabh Bachchan,Bhoothnath Returns,No
Amitabh Bachchan,Bbuddah Hoga Terra Baap,No
Amitabh Bachchan,Cheeni Kum,No
Amitabh Bachchan,Paa,No
Amitabh Bachchan,Shamitabh,No
Amitabh Bachchan,Sarkar,No
Amitabh Bachchan,Nishabd,No
Amitabh Bachchan,Ram Gopal Varma Ki Aag,No
Amitabh Bachchan,Sarkar Raj,No
Amitabh Bachchan,Sarkar 3,No
Amitabh Bachchan,The Last Lear,No
Amitabh Bachchan,Dil Jo Bhi Kahey,No
Amitabh Bachchan,Black,No
Amitabh Bachchan,Piku - Motion Se Hi Emotion,No
Amitabh Bachchan,Eklavya - The Royal Guard,No
Amitabh Bachchan,Bhoothnath,No
Anand Tiwari,Jo Dooba So Paar,Yes
Anant Mahadevan,Staying Alive,Yes
Ananya Khare,Ghazab Nagariya,No
Anara Gupta,C D Kaand,No
Anay,Happy Husbands,Yes
Anil Kapoor,No Entry,No
Anil Kapoor,No Problem,No
Anil Kapoor,My Wife's Murder,No
Anil Kapoor,Black & White,No
Anirudh Loka,Mere Haule Dost,Yes
Anita Kanwal,Om Dar-B-Dar,Yes
Ankur Khanna,Admission Open,No
Ankush Choudhary,City Of Gold - Mumbai 1982: Ek Ankahi Kahani,Yes
Anmol Singh,Kahani Ek Sangharsh Ki,Yes
Anshuman Jha,Yeh Hai Bakrapur,No
Antara Mali,Mr Ya Miss,No
Anu Kapoor,Miss Tanakpur Haazir Ho,Yes
Anu Kashyap,Yeshu Palanhar,No
Anubhav Anand,Perfect Mismatch,Yes
Anuj Mishra,Resham Dunkkk,Yes
Anuj Pandit,Chhutanki,Yes
Anuj Sawhney,3 Nights 4 Days,No
Anuj Saxena,Chase,No
Anuj Saxena,Paranthe Wali Gali,No
Anupam Kher,Morning Walk,No
Anupam Kher,Khosla Ka Ghosla,No
Anupam Kher,Maine Gandhi Ko Nahin Mara,No
Anupam Kher,Mr. Bhatti On Chutti,No
Anupam Kher,Yeh Mera India,No
Anupam Kher,Ekkees Toppon Ki Salaami,No
Anupam Kher,American Blend,No
Apurv Ratan,Sai Yatraa - A Religious Love Story,Yes
Arayan Singh,Retake,Yes
Arbaaz Khan,Prem Kaa Game,No
Arbaaz Khan,Kisaan,No
Arbaaz Khan,Tera Intezaar,No
Arif Zakaria,Dee Saturday Night,No
Arjun Chakraborty,Chalo Picnic Manayen,Yes
Arjun Gaur,I'm In Love,Yes
Arjun Kapoor,2 States,No
Arjun Kapoor,Tevar,No
Arjun Kapoor,Mubarakan,No
Arjun Kapoor,Aurangzeb,No
Arjun Kapoor,Ishaqzaade,Yes
Arjun Kapoor,Half Girlfriend,No
Arjun Punj,Time Pass,No
Arjun Rampal,Ek Ajnabee,No
Arjun Rampal,Daddy,No
Arjun Rampal,D Day,No
Arjun Rampal,Chakravyuh,No
Arjun Rampal,Vaada,No
Arjun Rampal,Inkaar,No
Arjun Rampal,Elaan,No
Arjun Rampal,I See You,No
Armaan Jain,Lekar Hum Deewana Dil,Yes
Arman,Yeh Figure Hai,Yes
Arsh Deol,Bin Phere Free Me Ttere,Yes
Arshad Warsi,Kisse Pyaar Karoon,No
Arshad Warsi,Rabba Main Kya Karoon,No
Arshad Warsi,Welcome 2 Karachi,No
Arshad Warsi,Krazzy 4,No
Arshad Warsi,Sehar,No
Arshad Warsi,Hum Tum Aur Ghost,No
Arshad Warsi,Anthony Kaun Hai?,No
Arshad Warsi,Kuchh Meetha Ho Jaye,No
Arshad Warsi,Mr. Joe B. Carvalho,No
Arshad Warsi,Jolly LLB,No
Arshad Warsi,Guddu Rangeela,No
Arshad Warsi,Ek Se Bure Do,No
Arunoday Singh,Mirch,Yes
Arvindo,Charitraheen - Ek Naari Ki Vyatha,No
Arya Babbar,Paapi - Ek Satya Katha,No
Aryan Singh,Raftaar - An Obsession,Yes
Aryan Vaid,Aisa Kyon Hota Hai,No
Aryan Vaid,Mr. 100% - The Real Player,No
Aryan Vaid,Ghutan,No
Aryeman Ramsay,Good Luck,No
Aryeman Ramsay,It's Rocking Dard-E-Disco,No
Aryeman Ramsay,Ek Aadat,No
Aseem Ali Khan,Kyun Hua Achanak,Yes
Asha Bhonsle,Mai,Yes
Ashima Sharma,Mumbai Can Dance Saalaa,Yes
Ashish Lal,With Love. Delhi!,Yes
Ashmit Patel,Nazar,No
Ashmit Patel,Saanwariya - Khatu Shyamji Ki Amar Gaatha,No
Ashok Kumar,Love In Bombay,No
Ashraf Khan,College Campus,Yes
Ashrita Agarwaal,Vidhata Tere Khel Hain Nirale,Yes
Ashutosh Rana,Coffee House,No
Ashutosh Rana,Shabnam Mousi,No
Attin Bhalla,Dhadkanein,No
Atul Kulkarni,Gauri The Unborn,No
Atul Kulkarni,Manasarovar,No
Atul Kulkarni,Aagaah - The Warning,No
Atul Kulkarni,Bumm Bumm Bole,No
Aushim Khetarpal,Baba Ramsaa Peer,No
Avinash Bhargava,Zindagi Jalebi,Yes
Ayaan Ahmad,Ada....A Way of life,Yes
Ayesha Takia,Dor,No
Ayesha Takia,Mod,No
Ayub Khan,Sarfaroshi - A War Against System,No
Ayushman Khurana,Meri Pyaari Bindu,No
Ayushman Khurana,Bareilly Ki Barfi,No
Ayushman Khurana,Bewakoofiyaan,No
Ayushman Khurana,Shubh Mangal Saavdhan,No
Ayushman Khurana,Nautanki Saala,No
Ayushman Khurana,Dum Laga Ke Haisha,No
Ayushman Khurana,Vicky Donor,Yes
Ayushman Khurana,Hawaizaada,No
Azim,Qasam Se Qasam Se,Yes
Barun Sobti,Main Aur Mr. Riight,Yes
Bhagyashree,Janani,No
Bharat,Wife Hai To Life Hai,Yes
Bhoop Yaduvanshi,Cigarette Ki Tarah,Yes
Bipasha Basu,Aatma,No
Bipasha Basu,Corporate,No
Bipasha Basu,Chehraa,No
Bipasha Basu,Pankh,No
Bipasha Basu,Creature 3D,No
Biswaroop Roy Chowdhary,Yaad Rakhenge Aap,Yes
Bobby Deol,Humko Tumse Pyaar Hai,No
Bobby Deol,Chamku,No
Bobby Deol,Help,No
Bobby Deol,Nanhe Jaisalmer,No
Bobby Deol,Vaada Raha...,No
Bobby Deol,Ek - The Power Of One,No
Bobby Deol,Barsaat,No
Bobby Deol,Shaka Laka Boom Boom,No
Bobby Deol,Jurm,No
Bobby Khan,London Calling,No
Boman Irani,Santa Banta Pvt. Ltd.,No
Boman Irani,Shirin Farhad Ki Toh Nikal Padi,No
Boman Irani,Well Done Abba,No
Buali Shah,Ooops A Desi,Yes
Celina Jaitley,Accident On Hill Road,No
Chahat Khanna,Ek Main Ek Tum,No
Chaitanya Naidu,MLA,Yes
Chaman Jackson,Laash - The Deadly Revenge,Yes
Chandan Roy Sanyal,Prague,No
Chandan Roy Sanyal,Love You To Death,No
Chandrachur Singh,Maruti Mera Dosst,No
Chandrachur Singh,Prem Mayee,No
Chinmay Mandlekar,Mokssh,Yes
Chirag Paswan,Miley Naa Miley Hum,Yes
Chirag Patil,Wake Up India,No
Cyrus Broacha,Fruit & Nut,Yes
Danny Denzongpa,Frozen,No
Darshan Jariwala,Dilli Gang,No
Darsheel Safary,Zokkomon,No
Debashree,Today Expose,Yes
Deep,Diwangi Ne Had Kar Di,Yes
Deep Bhattacharya,The Light - Swami Vivekananda,Yes
Deepak Dobriyal,Daayen Ya Baayen,No
Deepak Dobriyal,Chor Chor Super Chor,No
Deepak Dobriyal,Chal Bhaag,No
Deepal Shaw,Vikalp,No
Deepika Padukone,Finding Fanny,No
Deepshika,Yeh Dooriyaan,No
Deepti Naval,Rivaaz,No
Deepti Naval,Memories in March,No
Delzad Hiwale,Bubble Gum,Yes
Dev Anand,Mr. Prime Minister,No
Dev Anand,Chargesheet,No
Dev Anand,Aman Ke Farisshtey,No
Dev Gill,Karavaas - The Punishment,No
Devasish Ray,9 Eleven,Yes
Devi,Jalsa Ghar Ki Devi,Yes
Dhananjay,Ram Balram Aur Ramkali,Yes
Dhanush,Raanjhanaa,Yes
Dharmendra,Second Hand Husband,No
Dheren Kushesh Rusto,Humraah - The Traitor,Yes
Dia Mirza,Naam Gum Jaayega,No
Dibyendu Bhattacharya,B.A. Pass,No
Dibyendu Bhattacharya,Pairon Talle,No
Diljit Dosanjh,Phillauri,Yes
Dilzan Wadia,Bollywood Villa,No
Dilzan Wadia,Phir Aik Saazish,No
Dimple Kapadia,What The Fish,No
Dimple Sevak,Har Raat Naya Saudagar,No
Dinesh Mehta,Maya Ya Maut,Yes
Dino Morea,Anamika,No
Dino Morea,Tom Dick and Harry,No
Dino Morea,Gumnaam - The Mystery,No
Dino Morea,Bhram,No
Dino Morea,Holiday,No
Dino Morea,Life Mein Kabhi Kabhiee,No
Disha Chaudhary,Anuradha - Aur Uski Kahaani,Yes
Divvj Kak,Pehli Nazar Ka Pyaar,No
Divvj Kak,Saathi - The Companion,Yes
Divya Dutta,Kahaani Gudiya Ki...,No
Divya Dutta,Monica,No
Divya Dutta,Shobhayatra,No
Eijaz Khan,Lucky Kabootar,No
Eisha Deol,Tell Me O Kkhuda,Yes
Emraan Hashmi,Aashiq Banaye Aapne,No
Emraan Hashmi,Dil Diya Hai,No
Emraan Hashmi,Aksar,No
Emraan Hashmi,Azhar,No
Emraan Hashmi,Gangster - A Love Story,No
Emraan Hashmi,Good Boy Bad Boy,No
Emraan Hashmi,Shanghai,No
Emraan Hashmi,Jannat,No
Emraan Hashmi,Tum Mile,No
Emraan Hashmi,Jannat 2,No
Emraan Hashmi,Raja Natwarlal,No
Emraan Hashmi,Jawani Diwani - A Youtful Joyride,No
Emraan Hashmi,Zeher,No
Emraan Hashmi,Awarapan,No
Emraan Hashmi,Raaz - The Mystery Continues,No
Emraan Hashmi,Crook,No
Emraan Hashmi,Murder 2,No
Emraan Hashmi,Hamari Adhuri Kahani,No
Emraan Hashmi,Ghanchakkar,No
Emraan Hashmi,The Killer,No
Emraan Hashmi,The Train,No
Emraan Hashmi,Ungli,No
Emraan Hashmi,Rush,No
Emraan Hashmi,Raaz 3,No
Emraan Hashmi,Mr. X,No
Emraan Hashmi,Raaz Reboot,No
Emraan Hashmi,Chocolate,No
Faheem Ul Haq,Siyaah,Yes
Faisal Khan,Chand Bujh Gaya,No
Fardeen Khan,Shaadi No. 1,No
Fardeen Khan,Just Married,No
Fardeen Khan,Dulha Mil Gaya,No
Fardeen Khan,Jai Veeru,No
Fardeen Khan,Darling,No
Fardeen Khan,Ek Khiladi Ek Haseena,No
Fardeen Khan,Acid Factory,No
Farhan Akhtar,Rock On!!,Yes
Farhan Akhtar,Wazir,No
Farhan Akhtar,Bhaag Milkha Bhaag,No
Farhan Akhtar,Lucknow Central,No
Farhan Akhtar,Shaadi Ke Side Effects,No
Farhan Akhtar,Rock On 2,No
Farhan Akhtar,Karthik Calling Karthik,No
Farhan Akhtar,Luck By Chance,No
Farooque Shaikh,Children Of War,No
Farooque Shaikh,Lahore,No
Farrukh Jaffar,Barefoot To Goa,Yes
Fatima,Main Hoon Durga,Yes
Fawad Khan,Khoobsurat,Yes
Gagan Nimesh,Aaj Ka Fashion Trend,Yes
Ganesh Venkatraman,Tum Ho Yaara,Yes
Garry Gill,Na Jaane Kabse,Yes
Gashmeer Mahajani,Muskurake Dekh Zara,Yes
Gaurav Bajaj,Vroom,Yes
Gaurav Kakkar,Hota Hai Dil Pyaar Mein Paagal,Yes
Gaurav Kapur,Bad Luck Govind,No
Gauri Angel,Bhooton Ki Raasleela,Yes
Gautam Gupta,Go,Yes
Gautam Jadhav,Shoot At Sight,Yes
Gayatri Patel,Let's Dance,Yes
Geoffrey Broderick,Will To Live,Yes
Girish Taurani,Ramaiya Vastavaiya,Yes
Girish Taurani,Loveshhuda,No
Govinda,Sandwich,No
Govinda,Do Knot Disturb,No
Govinda,Money Hai Toh Honey Hai,No
Govinda,Khullam Khulla Pyaar Karen,No
Govinda,Naughty @ 40,No
Govinda,Jahan Jaaeyega Humen Paaeyega,No
Govinda,Deewana Main Deewana,No
Govinda,Ssukh,No
Govinda,Loot,No
Govinda,Life Partner,No
Govinda,Chal Chala Chal,No
Gracy Singh,Yehi Hai Zindagi,No
Gracy Singh,Mahabharat Aur Barbareek,No
Gracy Singh,Chanchal,No
Gracy Singh,Dekh Re Dekh,No
Gracy Singh,Milta Hai Chance By Chance,No
Gracy Singh,Aseema,No
Guddi Maruti,Meri Marzi,Yes
Gul Panag,Hello Darling,No
Gulshan Rana,Red Light,No
Gulshan Rana,The Real Dream Girl,No
Gulzar Inder Chahal,I Am Singh,Yes
Gunj,The Dirty MMS,Yes
Gurdeep Mehndi,Meri Shadi Karao,Yes
Gurmeet Ram Rahim Singh,MSG - The Warrior Lion Heart,No
Gurmeet Ram Rahim Singh,Hind Ka Napak Ko Jawab - MSG Lion Heart-2,No
Gurmeet Ram Rahim Singh,Jattu Engineer,No
Gurmeet Ram Rahim Singh,MSG - The Messenger Of God,Yes
Gurmeet Ram Rahim Singh,MSG 2 - The Messenger,Yes
Gursewak Mann,Banana Brothers,Yes
Hameed Khan,Lateef - The King Of Crime,Yes
Harish Raj,Bengaloored,Yes
Harman Baweja,Victory,No
Harman Baweja,Love Story 2050,Yes
Harman Baweja,Dishkiyaoon,No
Harsh Chhaya,My Friend Ganesha 2,No
Harsh Mayar,I Am Kalam,Yes
Harshvardhan Deo,Jigariyaa,Yes
Harshvardhan Kapoor,Mirzya,Yes
Harshvardhan Rane,Sanam Teri Kasam,Yes
Hema Malini,Ek Thi Rani Aisi Bhi,No
Hemant Pandey,2 Nights In Soul Valley,No
Himansh Kohli,Yaariyan,Yes
Himansh Kohli,Ranchi Diaries,No
Himanshu Bhatt,Login,Yes
Himanshu Malik,Rain,No
Himesh Reshammiya,The Xpose,No
Himesh Reshammiya,Radio,No
Himesh Reshammiya,Kajraare,No
Himesh Reshammiya,Karzzzz,Yes
Himesh Reshammiya,Teraa Surroor,No
Himesh Reshammiya,Damadamm!,No
Himesh Reshammiya,Aap Kaa Surroor,Yes
Hina Rehman,Www.Sheetal Bhabhi.com,No
Hitesh Agrawal,Shaabash! You Can Do It!,Yes
Hithaishaini,5ters: Castle of Dark Master,Yes
Hrishita Bhatt,Jigyaasa,No
Hrithik Roshan,Kites,No
Hrithik Roshan,Jodhaa Akbar,No
Hrithik Roshan,Mohenjo Daro,No
Hrithik Roshan,Agneepath,No
Hrithik Roshan,Krrish,No
Hrithik Roshan,Krrish 3,No
Hrithik Roshan,Dhoom 2,No
Hrithik Roshan,Kaabil,No
Hrithik Roshan,Guzaarish,No
Hrithik Roshan,Bang Bang,No
Hrithik Roshan,Zindagi Na Milegi Dobara,No
Hussain Dalal,Greater Elephant,Yes
Hussain Kuwajerwala,Shree,Yes
Hyder Ali,Chaska - An Addiction,Yes
Ihad Khan,Aishwarya,Yes
Imaad Shah,Dil Dosti Etc,Yes
Imaad Shah,404,No
Imran,Bhookh - The Hunger Of Body,Yes
Imran Khan,Jaane Tu... Ya Jaane Na,No
Imran Khan,Delhi Belly,No
Imran Khan,Mere Brother Ki Dulhan,No
Imran Khan,Break Ke Baad,No
Imran Khan,Katti Batti,No
Imran Khan,I Hate Luv Storys,No
Imran Khan,Gori Tere Pyaar Mein,No
Imran Khan,Kidnap,No
Imran Khan,Matru Ki Bijlee Ka Mandola,No
Irfan Choudhary,Ziyarat,Yes
Irrfan Khan,Life In A Metro,No
Irrfan Khan,Rog,No
Irrfan Khan,Apna Asmaan,No
Irrfan Khan,Talvar,No
Irrfan Khan,Billu,No
Irrfan Khan,Hindi Medium,No
Irrfan Khan,Yeh Saali Zindagi,No
Irrfan Khan,Qarib Qarib Singlle,No
Irrfan Khan,Paan Singh Tomar,No
Isaiah,C U At 9,Yes
Isha Koppikar,Shabri,No
Ishaan Manhaas,Aashiqui.in,Yes
Ishaan Tandon,Ab To Jaago,Yes
Izabelle Leite,Sixteen,Yes
J.B. Rana,Kaand - Black Scandal,Yes
J.D. Chakravarthi,Bhoot Returns,No
Jackie Shroff,Daal Mein Kuch Kaala Hai!,No
Jackie Shroff,Thodi Life Thoda Magic,No
Jackie Shroff,Maalik Ek,No
Jackie Shroff,Married To America,No
Jackie Shroff,Musaa - The Most Wanted,No
Jackie Shroff,We R Friends,No
Jackie Shroff,Dilliwali Zaalim Girlfriend,No
Jackie Shroff,Bhoot And Friends,No
Jackie Shroff,Kahin Hai Mera Pyar,No
Jackie Shroff,Hum Do Anjaane,No
Jackie Shroff,Bhoot Unkle,No
Jackie Shroff,Ek Second... Jo Zindagi Badal De?,No
Jackie Shroff,Vidyaarthi,No
Jackie Shroff,Mera Dil Leke Dekkho,No
Jackie Shroff,Kitkit + Cricket = Kirkit,No
Jacky Bhagnani,Rangrezz,No
Jacky Bhagnani,F.A.L.T.U,No
Jacky Bhagnani,Ajab Gazabb Love,No
Jacky Bhagnani,Youngistaan,No
Jai Kalra,Www.Love.com,Yes
Jason Lewis,My Bollywood Bride,Yes
Jatin Khurana,Ye Stupid Pyar,Yes
Javed Jaffrey,The Forest,No
Jaya Bachchan,Love Songs,No
Jeet Goswami,Bazaar-E-Husn,No
Jeetendra,Ho Jaata Hai Pyar,No
Jimmy Shergill,Delhii Heights,No
Jimmy Shergill,Strangers,No
Jimmy Shergill,Victoria No. 203,No
Jimmy Shergill,Four Two Ka One,No
Jimmy Shergill,Chhodon Naa Yaar,No
Jimmy Shergill,Rehguzar,No
Jimmy Shergill,A Flat,No
Jimmy Shergill,Bachelor Party,No
Jimmy Shergill,Fugly,No
Jimmy Shergill,Umar,No
Jimmy Shergill,Silsiilay,No
Jimmy Shergill,Bas Ek Pal,No
Jimmy Shergill,Darr @ The Mall,No
Jimmy Shergill,Yahaan,No
Jimmy Shergill,Hastey Hastey - Follow Your Heart,No
John Abraham,Jhoota Hi Sahi,No
John Abraham,Force 2,No
John Abraham,Welcome Back,No
John Abraham,No Smoking,No
John Abraham,Water,No
John Abraham,Kabul Express,No
John Abraham,New York,No
John Abraham,I. Me Aur Main,No
John Abraham,Taxi Number 9 2 11,No
John Abraham,Aashayein,No
John Abraham,Force,No
John Abraham,Rocky Handsome,No
John Abraham,Dishoom,No
John Abraham,Karam,No
John Abraham,Shootout At Wadala,No
John Abraham,Madras Cafe,No
John Abraham,Dhan Dhana Dhan Goal,No
Joysen Gupta,Mein Bikaaoo On Sale,Yes
Juhi Chawla,7 1/2 Phere,No
Juhi Chawla,I Am,No
Juhi Chawla,Main Hoon Krishna,No
Jyoti Dev,Sardi Mein Garmi,Yes
K.Gauri,Topless,Yes
Kabir Sawhney,26th July At Barista,Yes
Kaif Khan,Main Tere Ishq Mein,Yes
Kailash Manav,Mudrank - The Stamp,Yes
Kajol,We Are Family,No
Kalaynji Jana,Dhund Lenge Manzil Hum,Yes
Kalki Koechlin,That Girl in Yellow Boots,No
Kalki Koechlin,Margarita With A Straw,No
Kalpana Pandit,Janleva 555,No
Kamaal R. Khan,Deshdrohi,Yes
Kamal Hassan,Mumbai Xpress,No
Kanan Malhotra,Phaans - Ek Jasoos Ki Kahani,Yes
Kangana Ranaut,Simran,No
Kangana Ranaut,Revolver Rani,No
Kangana Ranaut,Queen,No
Kangana Ranaut,Rajjo,No
Kanwaljeet,Myoho,No
Bipasha Basu,Aatma,No
Kapil Jhaveri,Nishaan - The Mark,No
Kapil Sharma,Kis Kisko Pyaar Karoon,No
Kapil Sharma,Firangi,No
Karan Grover,Alone,Yes
Karan Hakku,Aakhri Deal,No
Karan Mehra,Love Possible,Yes
Karan Sharma,Rajula - A Tale From The Himalayas,No
Karanvir Sharma,Sadda Adda,Yes
Karanvir Sharma,Zid,No
Kareena Kapoor,Heroine,No
Kareena Kapoor,Ki & Ka,No
Kareena Kapoor,Ek Main Aur Ekk Tu,No
Karisma Kapoor,Dangerous Ishhq,No
Karron Mallik,Bachao Inside Bhoot Hai,Yes
Kartik Aryan,Guest In London,No
Kartik Aryan,Pyaar Ka Punchnama,Yes
Kartik Aryan,Akaash Vani,No
Kartik Tiwari,Pyaar Ka Punchnama 2,No
Kashish,Jhansi Ki Rani Laxmibai,Yes
Kashmira Shah,Revati,No
Kavin Dave,Bumboo,Yes
Kay Kay Menon,Bhindi Bazaar Inc,No
Kay Kay Menon,Black Friday,No
Kay Kay Menon,Gulaal,No
Kay Kay Menon,Dansh,No
Kay Kay Menon,The Stoneman Murders,No
Kay Kay Menon,Rahasya,No
Kay Kay Menon,Mumbai Meri Jaan,No
Kay Kay Menon,Sankat City,No
Kay Kay Menon,Life Ki Toh Lag Gayi,No
Kay Kay Menon,Ankur Arora Murder Case,No
Kay Kay Menon,Benny And Babloo,No
Kaya Bunti,Main Hoon Basanti Tangewali,Yes
Khushboo Khan,Ladies First,Yes
Kiran Janjani,It Can Be Dangerous - City Of Dreams,No
Kiran Janjani,Sitam,No
Kiran Janjani,Jalwa - Fun In Love,No
Kiran Karmarkar,Just 47 - Hum Bhi Insaan Hai,No
Kirran Sharad,Shudra - The Rising,Yes
Kirron Kher,Mummy Punjabi,No
Kirron Kher,Saas Bahu Aur Sensex,No
Kirti Kulhari,Indu Sarkar,No
Koel Puri,It's Breaking News,No
Kohinoor Khan,Mumbai 118,Yes
Konkona Sen Sharma,Lipstick Under My Burkha,No
Konkona Sen Sharma,Page 3,Yes
Konkona Sen Sharma,Chai Pani Etc...,Yes
Konkona Sen Sharma,Amu,Yes
Kranti Redkar,U Bomsi N Me,Yes
Krishna,Love King Murder,No
Krishna Abhishek,Aur Pappu Pass Ho Gaya,No
Kumaar Aadarsh,Shringaar,No
Kumaar Aadarsh,Rooh,No
Kumar Jai Baliyaan,Gailya - The Ghost Of Night,Yes
Kunal Kapoor,Hattrick,No
Kunal Kapoor,Luv Shuv Tey Chicken Khurana,No
Kunal Kapoor,Raag Desh,No
Kunal Khemu,99,No
Kunal Khemu,Traffic Signal,No
Kunal Khemu,Kalyug,Yes
Kunal Khemu,Superstar,No
Kunal Khemu,Dhoondte Reh Jaoge,No
Kunal Khemu,Blood Money,No
Kush Khurana,Mumbai Shooters,Yes
Laala Khan,Titar Fanda - A Death Trap,Yes
Leander Paes,Rajdhani Express,Yes
Lee Williiams,Delhi In A Day,Yes
Leeza Mangaldas,W,Yes
Linus Roach,Before The Rains,Yes
Lucky Ali,Kasak,No
Luke Kenny,Rise Of The Zombie,No
Luv Sinha,Sadiyaan,Yes
Maanas Srivastava,Rakhtbeej,Yes
Madhoo,Kabhi Socha Bhi Na Tha,No
Madhuri Dixit,Aaja Nachle,No
Madhuri Dixit,Gulaab Gang,No
Mahakshay Chakraborty,Jimmy,Yes
Mahakshay Chakraborty,The Murderer,No
Mahakshay Chakraborty,Haunted 3D,No
Mahesh,Be Parda,Yes
Mahie Gill,Saheb Biwi Aur Gangster,No
Mahie Gill,Saheb Biwi Aur Gangster Returns,No
Mahima Chaudhary,Kudiyon Ka Hai Zamana,No
Mahima Chaudhary,The Film,No
Mahima Chaudhary,Souten - The Other Woman,No
Mallika Sherawat,Bachke Rehna Re Baba,No
Mallika Sherawat,Hisss,No
Mallika Sherawat,Dirty Politics,No
Mallika Sherawat,Ugly Aur Pagli,No
Mallika Sherawat,Maan Gaye Mughall-E-Azam,No
Mammootty,Sau Jhooth Ek Sach,Yes
Manav Sohal,Ek Pyaar Aisa Bhi,Yes
Manav Vij,Vishwas - The Power Of Faith,Yes
Mandira Bedi,Meerabai Not Out,No
Manish Chaudhary,Trip To Bhangarh,No
Manish Paul,Tere Bin Laden - Dead Or Alive,No
Manish Paul,Mickey Virus,Yes
Manisha Koirala,Anjaane - The Unknown,No
Manisha Koirala,Chaahat Ek Nasha...,No
Manisha Koirala,Tulsi,No
Manisha Koirala,Sirf....,No
Manoj Amarnani,Life Is Beautiful!,Yes
Manoj Bajpai,Dus Tola,No
Manoj Bajpai,Jugaad,No
Manoj Bajpai,Gangs Of Wasseypur 1,No
Manoj Bajpai,Chittagong,No
Manoj Bajpai,Fareb,No
Manoj Bajpai,Swami,No
Manoj Bajpai,Aligarh,No
Manoj Bajpai,Lanka,No
Manoj Bajpai,Traffic,No
Manoj Pandey,The Dirty Relation,Yes
Manoranjan Jha,Chaahat Ek Ehsaas,Yes
Manzar Sehbai,Ya Rab,Yes
Mashaal Durrani,Hum Tum Dushman Dushman,Yes
Mashhoor Amrohi,Hum Sey Hai Jahaan,Yes
Master Shams,Thanks Maa,Yes
Meera,Bhadaas,No
Meera,5 Ghantey Mein 5 Crore,No
Meghna Naidu,Bad Friend,No
Meghna Naidu,Mashooka,No
Mehrunnisa Hassan,Hum Tum Aur Mom,Yes
Melanie Kannokada,Love Lies And Seeta,Yes
Mighty,Tezaab - The Acid of Love,Yes
Mika Singh,Balwinder Singh... Famous Ho Gaya,No
Mikaal Zulfikaar,U R My Jaan,Yes
Milind Gunaji,Husn Bewafa,No
Milind Gunaji,Karo Na... Pyaar,No
Milind Gunaji,Humne Jeena Seekh Liya,No
Mink,Katputtli,No
Mishti,Kaanchi,Yes
Mithun Chakraborty,Don Muthu Swami,No
Mithun Chakraborty,Baabarr,No
Mithun Chakraborty,Zindagi Tere Naam,No
Mithun Chakraborty,Enemmy,No
Mithun Chakraborty,Classic Dance Of Love,No
Mithun Chakraborty,Zor Lagaa Ke... Haiya!,No
Mithun Chakraborty,Insaaf Ki Jung,No
Mithun Chakraborty,Sun Zarra.....,No
Mithun Chakraborty,Qatal-E-Aam,No
Mithun Chakraborty,Chal Chalein,No
Mohammad Iqbal Khan,Unforgettable,No
Mohammad Iqbal Khan,Bullet Ek Dhamaka,No
Mohd. Samad,Gattu,Yes
Mohit Ahlawat,The Film Emotional Atyachar,No
Mohit Ahlawat,Shiva,Yes
Mohit Chauhan,Second Marriage Dot Com,Yes
Mohit Sharma,Dimaag Ki Dahi,Yes
Mohsin,Mumbai Mast Kallander,Yes
Mohsin Khan,Love In Japan,No
Monali Thakur,Lakshmi,Yes
Monalisa,Bobby - Love & Lust,No
Monalisa,Ek Hi Bhool,No
Monalisa,Ek Chatur Naar,No
Mrinal Kulkarni,The Quest,No
Mrunmayee Lagoo,Hello Zindagi,Yes
Mukesh R.K. Chouksey,Young - The Powerful Blood,Yes
Mukesh R.K. Chouksey,Tantiya Bheel,No
Mukesh Tiwari,Chutki Bajaa Ke,No
Mukesh Vyas,Emptiness Tere Bina,Yes
Munish Khan,Payback,Yes
Munsif Qureshi,Abhi To Raat Hai,Yes
Mustafa Burmawalla,Machine,Yes
Muzahid Khan,Rang-E-Ishq,Yes
Muzammil Ibrahim,Dhokha,Yes
Nafe Khan,The Untold Story Aahinsa,Yes
Nakul Vaid,Mohandas,No
Nana Patekar,Ab Tak Chhappan 2,No
Nana Patekar,Yatra,No
Nana Patekar,Tum Milo Toh Sahi,No
Nana Patekar,The Attacks Of 26/11,No
Nana Patekar,Shagird,No
Nandita Das,Ek Alag Mausam,No
Narayan Singh Sisodia,Maharana Pratap - The First Freedom Fighter,Yes
Nargis Bagheri,Pranali - The Tradition,Yes
Narinder Samra,Land Gold Women,Yes
Naseer Khan,Shadow,Yes
Naseeruddin Shah,Ishqiya,No
Naseeruddin Shah,Dedh Ishqiya,No
Naseeruddin Shah,Waiting,No
Naseeruddin Shah,Irada,No
Naseeruddin Shah,Chaalis Chauraasi,No
Naseeruddin Shah,Maximum,No
Naseeruddin Shah,Sona Spa,No
Naseeruddin Shah,Charlie Kay Chakkar Mein,No
Naseeruddin Shah,Firaaq,No
Naseeruddin Shah,A Wednesday!,No
Naseeruddin Shah,Parzania,No
Naseeruddin Shah,Barah Aana,No
Naseeruddin Shah,Maharathi,No
Nassar Abdulla,Men Not Allowed,Yes
Nataliya Kozhenova,Anjunaa Beach,Yes
Natasha Sikka,The Dark Secrets Of Tonhi,Yes
Navdip Singh,Khwaabb,Yes
Naveen Kasturia,Sulemani Keeda,Yes
Navin Prabhakar,Bhavnao Ko Samjho,Yes
Nawazuddin Siddiqui,Monsoon Shootout,No
Nawazuddin Siddiqui,Gangs Of Wasseypur 2,Yes
Nawazuddin Siddiqui,Raman Raghav 2.0,No
Nawazuddin Siddiqui,Manjhi - The Mountain Man,No
Nawazuddin Siddiqui,Babumoshai Bandookbaaz,No
Nawazuddin Siddiqui,Haraamkhor,No
Nawazuddin Siddiqui,Freaky Ali,No
Neha Dhupia,Sheesha,No
Neha Dhupia,Siskiyaan,No
Neha Dhupia,Gandhi To Hitler,No
Neha Sharma,Tum Bin 2,No
Neil Nitin Mukesh,Aa Dekhen Zara,No
Neil Nitin Mukesh,Jail,No
Neil Nitin Mukesh,Lafangey Parindey,No
Neil Nitin Mukesh,3G,No
Neil Nitin Mukesh,Johnny Gaddaar,Yes
Neil Nitin Mukesh,Shortcut Romeo,No
Nidhi Gill,Bipasha - The Black Beauty,Yes
Nikhil Dwivedi,My Name is Anthony Gonsalves,Yes
Nilesh Kumar,Jaisi Karni Waisi Bharni,Yes
Nilesh Sahay,Angel,Yes
Nilu Thakur,Yeh Metro Zindagi,Yes
Nisha Triloki,Ek Thee Sanam,Yes
Nishan Nanaiah,Badlapur Boys,No
Nishan Nanaiah,Cycle Kick,No
Nishant Dahiya,Titoo MBA,No
Nishant Sharma,Wah Re Ye Duniya,Yes
Nishi Verma,Shraddha Shakti Jai Ambe Maa,No
Nishigandha Wad,In The Name Of.. Tai - Tai Ke Naam,No
Nithiin,Agyaat,Yes
Nitika Sharma,Love U Crazy Girl,Yes
Om Puri,Khap,No
Om Puri,Uvaa,No
Om Puri,Na Ghar Ke Na Ghaat Ke,No
Om Puri,Panga Naa Lo,No
Om Puri,Khallas,No
Om Puri,The Hangman,No
Omkar Das Manikpuri,Peepli [Live],Yes
Omkar Das Manikpuri,Munna Mange Memsaab,No
Omkar Das Manikpuri,Ebn-E-Batuta,No
Pankaj Badra,Shivam,Yes
Pankaj Kapoor,Dharm,No
Pankaj Kapoor,Chala Mussaddi - Office Office,No
Pankaj Kapoor,The Blue Umbrella,No
Paoli Dam,Hate Story,Yes
Paras Chhabra,M3 - Midsummer Midnight Mumbai,Yes
Paresh Rawal,Road  To Sangam,No
Paresh Rawal,Dharam Sankat Mein,No
Paresh Rawal,Yun Hota Toh Kya Hota,No
Paresh Rawal,Buddha Mar Gaya,No
Paritosh Goswami,Kabhi Yun Bhi Toh Ho...,Yes
Parmeet Sethi,Vighnaharta Shree Siddhivinayak,No
Parmita Katkar,Husn - Love & Betrayal,Yes
Partho A. Gupte,Stanley Ka Dabba,Yes
Parvathy Omanakuttan,United Six,Yes
Parvin Dabas,Sahi Dhandhe Galat Bande,No
Parzan Dastur,Sikandar,Yes
Patralekha,Love Games,No
Payal Rohatgi,Chetna - The Excitement,No
Payal Rohatgi,Fun... Can Be Dangerous Sometimes,No
Payal Rohatgi,Mazaa Mazaa...,No
Payal Rohatgi,Laila - A Mystery,No
Phool Singh,Hey Bholenath,Yes
Piu Chauhan,Haunted Child,No
Poonam Dasgupta,Khandala House,No
Poonam Pandey,Nasha,Yes
Prabhas,Bahubali - The Beginning,Yes
Prabhas,Bahubali 2 - The Conclusion,No
Prabhu Deva,Tutak Tutak Tutiya,No
Prabhu Deva,ABCD - Any Body Can Dance,No
Prajakt Rebeloma,Last Benchers,Yes
Prakash Sagar,Yeh Pal Ho Na Ho... Kal,Yes
Prakash Sagar,Qayamat Hi Qayamat,No
Prashant Narayanan,Mr. Singh Mrs. Mehta,No
Prateik Babbar,Ekk Deewana Tha,No
Prateik Babbar,Issaq,No
Prateik Babbar,My Friend Pinto,Yes
Pravin Dabbas,Jalpari - The Desert Mermaid,No
Preeti Jhangiani,With Luv... Tumhaara,No
Preity Zinta,Videsh,No
Preity Zinta,Ishkq In Paris,No
Prince Amit,Needar - The Fearless,Yes
Prithvi Soni,Om Shanti - Fight For Peace,Yes
Pritika Chawla,Shahrukh Bola Kubsoorat Hai Tu,Yes
Priya Singh,Mere Gharib Nawaz,Yes
Priyanka,Sunsaan Mahal,Yes
Priyanka Chopra,What's Your Raashee,No
Priyanka Chopra,Pyaar Impossible!,No
Priyanka Chopra,Fashion,No
Priyanka Chopra,Mary Kom,No
Priyanka Chopra,Jai Gangaajal,No
Priyanka Chopra,7 Khoon Maaf,No
Priyanshu Chatterjee,Koi Mere Dil Mein Hai,No
Priyanshu Chatterjee,Utthaan,No
Pulkit Samrat,Sanam Re,No
Pulkit Samrat,Fukrey,No
Pulkit Samrat,Fukrey Returns,No
Pulkit Samrat,Bittoo Boss,Yes
Pulkit Samrat,O Teri,No
Pulkit Samrat,Junooniyat,No
Puneet Singh Ratn,Satya 2,Yes
Purab Kohli,Turning 30!!!,No
Purab Kohli,Jal,No
Purab Kohli,Kaun Ho Sakta Hai?,No
Purab Kohli,Hide & Seek,No
Purav Bhandare,Tahaan,Yes
Puru Chibber,Meinu Ek Ladki Chaahiye,Yes
Pushkar Jog,Huff! It's Too Much,Yes
R. Madhavan,Tanu Weds Manu,No
R. Madhavan,Tanu Weds Manu Returns,No
R. Madhavan,Jodi Breakers,No
R. Madhavan,Ramji Londonwaley,No
Sachin Tendulkar,Sachin - A Billion Dreams,Yes
R. Madhavan,13B,No
Raai Laxmi,Julie 2,Yes
Radhika Apte,Parched,No
Radhika Apte,Phobia,No
Rafiq Batcha,Mumbhai Connection,Yes
Raghuvir Yadav,Le Gaya Saddam,No
Raghuvir Yadav,Azaan - The Awakening Call,No
Rahil Tandon,Chal Pichchur Banate Hain,No
Rahul,Mumbai Aadhi Raat Mein,No
Rahul,Yeh Hai U Turn,No
Rahul Bagga,Mastram,Yes
Rahul Bose,The Japanese Wife,No
Rahul Bose,Kucch Luv Jaisa,No
Rahul Bose,Chain Kulii Ki Main Kulii,No
Rahul Bose,Pyaar Ke Side Effects,No
Rahul Bose,Shaurya,No
Rahul Bose,White Noise,No
Rahul Khanna,Dil Kabaddi,No
Rahul Khanna,Raqeeb,No
Rahul Khanna,Fireflies,No
Rahul Pendkalkar,My Friend Ganesha 3,Yes
Rahul Roy,Crime Partner,No
Rahul Roy,Meri Aashiqui,No
Rahul Roy,Naughty Boy,No
Rahul Roy,Phir Tauba Tauba,No
Rahul Roy,Don't Break My Heart - Her Story,No
Rahul Singh,Kachchi Sadak,Yes
Rahul Sood,Thore - Keep Distance,Yes
Raj Babbar,Haseena,No
Raj Gautam,Hot Mashooka - A Dangerous Lover,No
Raj Rajawat,Kaamguru,Yes
Raj Rajawat,Mastani Bhabhi,Yes
Raj Singh Chaudhary,The Waiting Room,No
Raj Singh Chaudhary,Antardwand,No
Raj Tandon,Yeh Khula Aasman,Yes
Raj Tara,Eight - Shani,Yes
Raj Verma,13 May Gulabi Nagar,Yes
Raj Zutshi,Take It Easy,No
Rajan Verma,Jai Jagdambey Maa,Yes
Rajan Verma,Ashok Chakra Tribute To Real Heroes,No
Rajat Bedi,Dhamkee - The Extortion,No
Rajat Kapoor,...And Once Again,No
Rajat Kapoor,Siddharth - The Prisoner,No
Rajat Kapoor,Raat Gayi Baat Gayi,No
Rajat Kapoor,I Am 24,No
Rajat Kapoor,10ml Love,No
Rajat Kapoor,Phas Gaye Re Obama,No
Rajbeer Singh,Who's There? Kaun Hai Wah?,Yes
Rajeev Khandelwal,Table No. 21,No
Rajeev Khandelwal,Ishq Actually,No
Rajeev Khandelwal,Shaitan,No
Rajeev Khandelwal,Samrat & Co.,No
Rajeev Khandelwal,Soundtrack,No
Rajeev Khandelwal,Aamir,Yes
Rajeev Raj,Tera Pati Mera Pyar,No
Rajeev Verma,Radha Ne Mala Japi Shyam Ki,No
Rajendraprasad,Quick Gun Murugun,Yes
Rajesh Bhardwaj,Hair Is Falling,Yes
Rajesh Khanna,Do Dilon Ke Khel Mein,No
Rajesh Khanna,Riyasat,No
Rajesh Khanna,Kaashh....Mere Hote,No
Rajesh Khanna,Wafaa,No
Rajesh Kumar,Men Will Be Men,No
Rajesh Pathak,Jai Mahalaxmi,Yes
Rajesh Sabharwal,Jism Farosh,No
Rajesh Sabharwal,Namkeen,No
Rajesh Shringharpure,The Night Of The Interview,No
Rajesh Tiwari,Beehad - The Ravine,No
Raji James,The Unforgettable,Yes
Rajit Kapoor,Blue Oranges,No
Rajiv Roda,Kya Yahi Sach Hai,Yes
Rajkummar Rao,Behen Hogi Teri,No
Rajkummar Rao,Boyss Toh Boyss Hain,No
Rajkummar Rao,Love Sex Aur Dhokha,Yes
Rajkummar Rao,Citylights,No
Rajkummar Rao,Ragini MMS,No
Rajkummar Rao,Shaadi Mein Zaroor Aana,No
Rajkummar Rao,Trapped,No
Rajneesh Duggal,Be Careful,No
Rajneesh Duggal,Phhir,No
Rajneesh Duggal,Spark,No
Rajneesh Duggal,1920,Yes
Rajpal Yadav,Undertrial,No
Rajpal Yadav,Main Meri Patni Aur Woh,No
Rajpal Yadav,Rama Rama Kya Hai Drama,No
Rajpal Yadav,Hello Hum Lallann Bol Rahe Hain,No
Rajpal Yadav,Ata Pata Laapata,No
Rajpal Yadav,Hai Golmaal In White House,No
Rajpal Yadav,Kushti,No
Rajpal Yadav,Ladies Tailor,No
Rajpal Yadav,Masti Express,No
Rajveer Dutt,Kaisay Kahein,Yes
Rajveer Sharma,Ruslaan,Yes
Rakesh,Ek Zakhm - The Blast,Yes
Rakesh Bapat,Jai Santoshi Maa,No
Rakesh Bapat,Jaadu Sa Chal Gaya,No
Rakhi Vohra,My Husband's Wife,Yes
Ram Charan,Zanjeer,Yes
Ramesh Goyal,Victoria House,No
Ranbir Kapoor,Besharam,No
Ranbir Kapoor,Barfi!,No
Ranbir Kapoor,Jagga Jasoos,No
Ranbir Kapoor,Bombay Velvet,No
Ranbir Kapoor,Wake Up Sid,No
Ranbir Kapoor,Yeh Jawaani Hai Deewani,No
Ranbir Kapoor,Rockstar,No
Ranbir Kapoor,Tamasha,No
Ranbir Kapoor,Ae Dil Hai Mushkil,No
Ranbir Kapoor,Chillar Party,No
Ranbir Kapoor,Raajneeti,No
Ranbir Kapoor,Ajab Prem Ki Ghazab Kahani,No
Ranbir Kapoor,Saawariya,Yes
Ranbir Kapoor,Rocket Singh: Salesman Of The Year,No
Ranbir Kapoor,Bachna Ae Haseeno,No
Ranbir Kapoor,Anjaana Anjaani,No
Ranbir Kapoor,Roy,No
Randeep Hooda,John Day,No
Randeep Hooda,Ru-Ba-Ru,No
Randeep Hooda,Do Lafzon Ki Kahani,No
Randeep Hooda,Highway,No
Randeep Hooda,Mere Khwabon Mein Jo Aaye,No
Randeep Hooda,Karma Aur Holi,No
Randeep Hooda,Main Aur Charles,No
Randeep Hooda,Love Khichdi,No
Randeep Hooda,Laal Rang,No
Randeep Hooda,Murder 3,No
Randeep Hooda,D,Yes
Randeep Hooda,Risk,No
Rani Mukherjee,Bombay Talkies,No
Rani Mukherjee,Laaga Chunari Mein Daag,No
Rani Mukherjee,Mardaani,No
Rani Mukherjee,Aiyyaa,No
Rannvijay Singh,Toss,Yes
Rannvijay Singh,3:00 AM,No
Ranveer Singh,Befikre,No
Ranveer Singh,Gunday,No
Ranveer Singh,Band Baaja Baaraat,Yes
Ranveer Singh,Ladies vs Ricky Bahl,No
Ranveer Singh,Goliyon Ki Raasleela Ram - Leela,No
Ranveer Singh,Bajirao Mastani,No
Ranveer Singh,Kill Dil,No
Ranveer Singh,Lootera,No
Ranveer Singh,Dil Dhadakne Do,No
Ranvir Shorey,Mixed Doubles,No
Ranvir Shorey,Mithya,No
Ranvir Shorey,Fatso,No
Rashmi Somvanshi,Kahani Ek Devi Ki...,Yes
Rasika Dugal,Kshay,Yes
Raveena Tandon,Maatr,No
Ravi Ahlawat,Parveen Bobby,Yes
Ravi Arora,Sweet Love,Yes
Ravi Kapoor,World Cupp 2011,Yes
Ravi Kissen,Raja Bhai Lagey Raho,No
Ravi Kissen,Jeena Hai Toh Thok Daal,No
Ravi Kissen,Chitkabrey,No
Ravish Pandey,Ek Baar Aao Na,Yes
Raza Murad,Khwaja Mere Khwaja,No
Rehaan Khan,Ek Baar Maza Lijiye,Yes
Rehal Khan,18.11 A Code Of Secrecy...!,Yes
Rehan Khan,Jaana... Lets Fall In Love,Yes
Rekha,Super Nani,No
Rekha,Detective Naani,No
Rekha Gautam,Swarg Aashram,Yes
Rekha Rana,Tara - The Journey Of Love & Passion,No
Reshma Singh,Teesra Shabd,Yes
Richa Chaddha,Tamanchey,No
Rikkee,Swaha,Yes
Rishabh,Jeena To Hai,No
Rishi Bhutani,Bolo Raam,Yes
Rishi Kapoor,Love Ke Chakkar Mein...,No
Rishi Kapoor,Do Dooni Chaar,No
Rishi Kapoor,Pyaar Mein Twist,No
Rishi Kapoor,Chintuji,No
Rishi Kapoor,Patel Ki Punjabi Shaadi,No
Rishi Rehan,Khushboo,Yes
Rishi Verma,Ishq Ke Parindey,Yes
Rita S. Roy,Naari Teri Shakti Anokhi,Yes
Riteish Deshmukh,De Taali,No
Riteish Deshmukh,Dhamaal,No
Riteish Deshmukh,Grand Masti,No
Riteish Deshmukh,Great Grand Masti,No
Riteish Deshmukh,Bangistan,No
Riteish Deshmukh,Tere Naal Love Ho Gaya,No
Riteish Deshmukh,Jaane Kahan Se Aayi Hai,No
Riteish Deshmukh,Malamaal Weekly,No
Riteish Deshmukh,Apna Sapna Money Money,No
Riteish Deshmukh,Aladin,No
Riteish Deshmukh,Kal Kissne Dekha,No
Ritesh Raghuvanshi,Mahidpur 0 K.M.,Yes
Rituparna Sengupta,Life Express,No
Rituparna Sengupta,Calapor,No
Riya Sen,A Strange Love Story,No
Riya Vij,Gippi,Yes
Rohan Jardosh,Amdavad Junction,Yes
Rohit Roy,Mittal Vs Mittal,No
Romit Raaj,Hum Dum,Yes
Ronak Bhatia,2 Little Indians,Yes
Ronit Roy,Ugly,No
Ronit Roy,Udaan,No
Roopa Ganguly,Chowrasta - Crossroads Of Love,No
Ruslan Mumtaz,I Don't Luv U,No
Ruslan Mumtaz,MP3 - Mera Pehla Pehla Pyaar,Yes
Ruslan Mumtaz,Teree Sang,No
R. Madhavan,Saala Khadoos,No
Saahib,Chand Ke Paar Chalo,Yes
Sachiin Joshi,Mumbai Mirror,No
Sachiin Joshi,Jackpot,No
Sachiin Joshi,Aazaan,Yes
Sachin,Jaana Pehchana,No
Sachin Khedekar,Chhodo Kal Ki Baatein,No
Sachin Khedekar,Bose - The Forgotten Hero,No
Saagar Bhatia,Mobile Phone,Yes
Sachit Patil,Sab Kuch Nahin Kuch Bhi Nahin,No
Sadashiv Amrapurkar,Siyasat - The Politics,No
Sagar,The Hero - Abhimanyu,No
Sahil Anand,Babloo Happy Hai,Yes
Sahil Khan,Ramaa - The Saviour,No
Sahil Khan,Double Cross - Ek Dhoka,No
Sahil Mehta,Love Express,Yes
Sahil Pathan,Anna Ka Andolan,Yes
Sahil Prem,M.A.D - Mad About Dance,Yes
Saif Ali Khan,Race,No
Saif Ali Khan,Race 2,No
Saif Ali Khan,Being Cyrus,No
Saif Ali Khan,Cocktail,No
Saif Ali Khan,Love Aaj Kal,No
Saif Ali Khan,Phantom,No
Saif Ali Khan,Thoda Pyaar Thoda Magic,No
Harshvardhan Rane,Sanam Teri Kasam,No
Saif Ali Khan,Parineeta,No
Saif Ali Khan,Aarakshan,No
Saif Ali Khan,Go Goa Gone,No
Saif Ali Khan,Happy Ending,No
Saif Ali Khan,Chef,No
Saif Ali Khan,Kurbaan,No
Saif Ali Khan,Humshakals,No
Saif Ali Khan,Salaam Namaste,No
Saif Ali Khan,Ta Ra Rum Pum,No
Saif Ali Khan,Agent Vinod,No
Saif Ali Khan,Bullet Raja,No
Sail Hasan,Yeh Ishq.....Nahin,Yes
Saksham Kulkarni,Life Mein Hungama Hai,Yes
Saleem Ahmed,Software Hardware Kya Yaaron,Yes
Saleem Ansari,Laal Kranti,Yes
Salim Gaur,Petrol,Yes
Salman Khan,Dabangg,No
Salman Khan,Sultan,No
Salman Khan,Tiger Zinda Hai,No
Salman Khan,Ready,No
Salman Khan,Veer,No
Salman Khan,Dabangg 2,No
Salman Khan,Maine Pyaar Kyun Kiya?,No
Salman Khan,Partner,No
Salman Khan,Shaadi Karke Phas Gaya Yaar,No
Salman Khan,Ek Tha Tiger,No
Salman Khan,Bajrangi Bhaijaan,No
Salman Khan,Tubelight,No
Salman Khan,Salaam-E-Ishq,No
Salman Khan,Wanted,No
Salman Khan,Main Aurr Mrs. Khanna,No
Salman Khan,Kyon Ki,No
Salman Khan,Baabul,No
Salman Khan,God Tussi Great Ho,No
Salman Khan,Saawan... The Love Season,No
Salman Khan,Kick,No
Salman Khan,Bodyguard,No
Salman Khan,Jai Ho,No
Salman Khan,Prem Ratan Dhan Payo,No
Salman Khan,Yuvvraaj,No
Salman Khan,Lucky - No Time for Love,No
Salman Khan,London Dreams,No
Salman Khan,Marigold,No
Samapika,Riwayat,Yes
Sameer Aftab,Bas Ek Tamanna,No
Sameer Dattani,Mukhbiir,No
Sameer Dattani,Love Kaa Tadka,No
Abhishek Bachchan,Game,No
Sameer Dharmadhikari,Nigehbaan - The Third Eye,No
Sameer Dharmadhikari,Rafta Rafta - The Speed,No
Sameer Dharmadhikari,Madhubaala,No
Sameer Sarkit,Main Hoon Kharidaar,Yes
Samir Aftab,Krantiveer - The Revolution,No
Samir Aftab,Chand Sa Roshan Chehra,Yes
Samir Kochhar,Bold,Yes
Samir Kochhar,Ek Se Mera Kya Hoga,No
Sanam Khan,31st Night,Yes
Sandeep Bharadwaj,Veerappan,Yes
Sandeep Kulkarni,Bandaa,No
Sandhya Mridul,The Great Indian Butterfly,No
Sangram Singh,Valentines's Night,Yes
Sanjay Dutt,Mehbooba,No
Sanjay Dutt,Nehlle Pe Dehlla,No
Sanjay Dutt,Chatur Singh Two Star,No
Sanjay Dutt,Zilla Ghaziabad,No
Sanjay Dutt,Dus,No
Sanjay Dutt,Tathastu,No
Sanjay Dutt,Double Dhamaal,No
Sanjay Dutt,Policegiri,No
Sanjay Dutt,Shabd,No
Sanjay Dutt,Knock Out,No
Sanjay Dutt,Bhoomi,No
Sanjay Dutt,Lamhaa,No
Sanjay Dutt,Lage Raho Munnabhai,No
Sanjay Dutt,Department,No
Sanjay Dutt,Sarhad Paar,No
Sanjay Dutt,Zinda,No
Sanjay Dutt,EMI,No
Sanjay Dutt,Luck,No
Sanjay Kapoor,Unns,No
Sanjay Kapoor,Sauda - The Deal,No
Sanjay Kumar,Kiska Hai Intezaar,Yes
Sanjay Kumar,Manthan Ek Kashmakash,No
Sanjay Mishra,Saare Jahaan Se Mehnga,No
Sanjay Mishra,Ankhon Dekhi,No
Sanjay Pundir,Pyaar Ka Live Show,Yes
Sanjay Suri,Anubhav,No
Sankalp Shrivastava,Jai Singh Are Baap Re,Yes
Sanket More,The Adventure Of Haunted House,Yes
Santosh Barmola,Warning,Yes
Sapna,Premsutra,No
Sapna,Khooni,No
Sapna,Angoor,No
Sapna,Kachchi Kali,No
Sapna,Darinda,No
Sapna,Free Entry,No
Sapna,No Parking,No
Sapna,Gabbar Singh,No
Sapna,Munnibai B.A. B. Com,No
Saqib Saleem,Hawaa Hawaai,No
Saqib Saleem,Mere Dad Ki Maruti,No
Saqib Saleem,Mujhse Fraaandship Karoge,Yes
Sarah Jane Dias,Angry Indian Goddesses,No
Sarat Pujari,Jai Jagannath,Yes
Sarika,Sacred Evil - A True Story,Yes
Sarika,Hari Puttar - A Comedy Of  Terrors,No
Sarita Joshi,Gangoobai,No
Sartaj Singh Pannu,Soch Lo,Yes
Sarvar Ahuja,Hum Phirr Milein Na Milein,No
Sarvar Ahuja,Meri Padosan,No
Sasho Satiiysh Saarathy,Manjunath,Yes
Satnam Kaur,2 Piece,No
Saurabh Malik,Ab Hoga Dharna Unlimited,Yes
Seema Parihar,Wounded,Yes
Seth Daksh,Ankush - The Command,Yes
Shaad Randhawa,Dhoom Dadakka,No
Shaadab Khan,The Unsound,No
Shaarib Hashmi,Filmistaan,Yes
Shabaaz Khan,Operation Mumbai,Yes
Shabana Azmi,15 Park Avenue,No
Shabana Azmi,Chalk N Duster,No
Shabana Azmi,Loins Of Punjab Presents,No
Shabana Azmi,A Decent Arrangement,No
Shahana Chaterjee,Sandcastle,Yes
Shahid Kapoor,Dil Bole Hadippa,No
Shahid Kapoor,Kismat Konnection,No
Shahid Kapoor,Jab We Met,No
Shahid Kapoor,Chance Pe Dance,No
Shahid Kapoor,Teri Meri Kahaani,No
Shahid Kapoor,Vaah! Life Ho Toh Aisi!,No
Shahid Kapoor,Paathshaala,No
Shahid Kapoor,Mausam,No
Shahid Kapoor,Badmaash Company,No
Shahid Kapoor,R... Rajkumar,No
Shahid Kapoor,Chup Chup Ke,No
Shahid Kapoor,Phata Poster Nikhla Hero,No
Shahid Kapoor,Milenge Milenge,No
Shahid Kapoor,Vivah,No
Shahid Kapoor,Shaandaar,No
Shahid Kapoor,Kaminey,No
Shahid Kapoor,Haider,No
Shahid Kapoor,Rangoon,No
Shahnawaz Khan,Tu Bewafa Hai,No
Shahnawaz Khan,Dekha Jo Pehli Baar,No
Shahrukh Khan,Rab Ne Bana Di Jodi,No
Shahrukh Khan,Paheli,No
Shahrukh Khan,Ra.One,No
Shahrukh Khan,Om Shanti Om,No
Shahrukh Khan,Happy New Year,No
Shahrukh Khan,Don - The Chase Begins Again,No
Shahrukh Khan,Don 2,No
Shahrukh Khan,Jab Harry Met Sejal,No
Shahrukh Khan,Kabhi Alvida Na Kehna,No
Shahrukh Khan,My Name Is Khan,No
Shahrukh Khan,Fan,No
Shahrukh Khan,Raees,No
Shahrukh Khan,Chennai Express,No
Shahrukh Khan,Dilwale,No
Shahrukh Khan,Chak De India,No
Shahrukh Khan,Jab Tak Hai Jaan,No
Shahzad Pathan,Us Disha Mein,Yes
Shakeela,Garam Padosan,Yes
Sharad Malhotra,From Sydney With Love,Yes
Sharad Ponkshe,Ek Pal Pyar Ka,Yes
Sharman Joshi,3 Bachelors,No
Sharman Joshi,War... Chhod Na Yaar,No
Sharman Joshi,Allah Ke Banday,No
Sharman Joshi,Toh Baat Pakki,No
Sharman Joshi,Sorry Bhai!,No
Sharman Joshi,Ferrari Ki Sawaari,No
Sharman Joshi,Gang Of Ghosts,No
Sharman Joshi,1920 London,No
Sharman Joshi,Wajah Tum Ho,No
Sharmila Tagore,Life Goes On,No
Shatrughan Sinha,2 Chehare,No
Shawar Ali,Love Aur Sex,No
Shawar Ali,99.9 FM,No
Sheena Nayar,Mallika,Yes
Sheetal Pathak,Chehra - The Unknown Mask,Yes
Sherlyn Chopra,Red Swastik,No
Shevum Shetty,Sanak - The Deadly Passion,Yes
Shilpa Shetty,Khamoshh... Khauff Ki Raat,No
Shiney Ahuja,Hijack,No
Shiney Ahuja,Woh Lamhe,No
Shiney Ahuja,Ghost,No
Shiney Ahuja,Kal - Yesterday & Tomorrow,Yes
Shiney Ahuja,Hazaaron Khwaishein Aisi,Yes
Shiney Ahuja,Khoya Khoya Chand,No
Shiney Ahuja,Sins,Yes
Shital Shah,Kis Hudh Tak...,No
Shiv Darshan,Karle Pyaar Karle,Yes
Shiv Darshan,Ek Haseena Thi Ek Deewana Tha,No
Shraddha Kapoor,Haseena Parkar,No
Shraddha Kapoor,Luv Ka The End,No
Shreela Majumder,Pratyavartan - The Homecoming,Yes
Shreyas Talpade,Will You Marry Me?,No
Shreyas Talpade,Aagey Se Right,No
Shreyas Talpade,Teen Thay Bhai,No
Shreyas Talpade,Iqbal,No
Shreyas Talpade,Bombay To Bangkok,No
Shreyas Talpade,Paying Guests,No
Shreyas Talpade,Kamaal Dhamaal Malamaal,No
Shreyas Talpade,Click,No
Shreyas Talpade,Welcome to Sajjanpur,No
Shubh,Aasma - The Sky Is the Limit,Yes
Shubh,Shakal Pe Mat Ja,No
Shubh Mukherjee,Nakshatra,Yes
Shweta Bhardwaj,Raqt,Yes
Siddhant Kumar,Raat Abhi Baaki Hai,Yes
Siddharth,Striker,No
Siddharth Dhawan,Stand By,No
Siddharth Gupta,Kuku Mathur Ki Jhand Ho Gayi,Yes
Siddharth Koirala,Anwar,No
Sidhant Kapur,Tutiya Dil,Yes
Sidharth Malhotra,A Gentleman - Sundar Susheel Risky,No
Sidharth Malhotra,Ek Villain,No
Sidharth Malhotra,Baar Baar Dekho,No
Sidharth Malhotra,Kapoor & Sons,No
Sidharth Malhotra,Hasee Toh Phasee,No
Sikander Kher,Woodstock Villa,Yes
Sikander Kher,Summer 2007,Yes
Simone Singh,Gumshuda,No
Simran,Aaj Ka Neta,No
Smeep Kang,Beda Paar Karte Bhagwan Amarnath,Yes
Smriti Singh,Malika - The Fire,Yes
Soha Ali Khan,Chaurahen,No
Sohail Khan,Aryan,No
Sohail Khan,Team - The Force,No
Sohail Khan,Hello,No
Sohail Khan,Heroes,No
Sohrab Ardeshir,Little Zizou,No
Sonakshi Sinha,Akira,No
Sonakshi Sinha,Noor,No
Sonali Kulkarni,Via Darjeeling,No
Sonali Kulkarni,Shraddha - In  The Name Of God,No
Sonali Kulkarni,The Camp,No
Sonam Kapoor,Dolly Ki Doli,No
Sonam Kapoor,Aisha,No
Sonam Kapoor,Neerja,No
Sonu Pahuja,Item Girl,Yes
Sonu Sood,Ek Vivaah... Aisa Bhi,No
Sooraj Pancholi,Hero,Yes
Sridevi,English Vinglish,No
Sridevi,Mom,No
Subrat Dutta,Madholal Keep Walking,Yes
Suchhi Kumar,Mission - The Last War,No
Suchhi Kumar,Garma Garam,Yes
Sudeep,Phoonk 2,No
Sudeep,Phoonk,Yes
Sudesh Berry,Unlimited Nasha,No
Sudhanshu Pandey,Manoranjan - The Entertainment,No
Sudhanshu Pandey,Dhara,No
Suhail Karim,Love Recipe,Yes
Sukhwinder Singh,Kuch Kariye,Yes
Sukhwinder Singh,Khudi Ko Kar Buland Itna,No
Suman Ranganathan,Devaki,No
Sumeet Nijhawan,Maazii,Yes
Suneil Shetty,Desi Kattey,No
Suneil Shetty,Red Alert - The War Within,No
Suneil Shetty,One Two Three,No
Suneil Shetty,Mr. White Mr. Black,No
Suneil Shetty,Barood - The Fire A Love Story,No
Suneil Shetty,Daddy Cool - Join The Fun,No
Suneil Shetty,Padmashree Laloo Prasad Yadav,No
Suneil Shetty,Mere Dost Picture Abhi Baaki Hai,No
Sunil Grover,Coffee With D,Yes
Sunil Pal,Money Back Guarantee,No
Sunny Deol,Fool N Final,No
Sunny Deol,Kaafila,No
Sunny Deol,Apne,No
Sunny Deol,Singh Saab The Great,No
Sunny Deol,Fox,No
Sunny Deol,Big Brother,No
Sunny Deol,Teesri Aankh - The Hidden Camera,No
Sunny Deol,Khuda Kasam,No
Sunny Deol,Right Yaa Wrong,No
Sunny Deol,I Love NY,No
Sunny Deol,Jo Bole So Nihaal,No
Sunny Deol,Yamla Pagla Deewana,No
Sunny Deol,Yamla Pagla Deewana 2,No
Sunny Deol,Poster Boys,No
Sunny Deol,Ghayal Once Again,No
Sunny Gill,Jo Hum Chahein,Yes
Sunny Leone,Ragini MMS 2,No
Sunny Leone,Ek Paheli Leela,No
Sunny Leone,Kuch Kuch Locha Hai,No
Sunny Leone,One Night Stand,No
Sunny Leone,Jism 2,Yes
Sunny Singh,Neighbours,Yes
Supriya Pathak,Khichdi The Movie,No
Suraj Dev Sahu,Yahi To Pyar Hai,Yes
Suriya,Rakht Charitra 2,Yes
Surveen Chawla,Hate Story 2,Yes
Susanna Mohan,Lady Dabangg Aaj Bbhi,Yes
Sushant Singh,Hulla,No
Sushant Singh,Idiot Box,No
Sushant Singh Rajput,Kai Po Che,Yes
Sushant Singh Rajput,Detective Byomkesh Bakshy,No
Sushant Singh Rajput,Raabta,No
Sushant Singh Rajput,Shuddh Desi Romance,Yes
Sushant Singh Rajput,M.S. Dhoni - The Untold Story,No
Sushma Sharma,Munni Metric Pass,Yes
Sushmita Sen,Chingaari,No
Sushmita Sen,Zindaggi Rocks,No
Swanand Kirkire,Crazy Cukkad Family,Yes
Swara Bhaskar,Nil Battey Sannatta,No
Swara Bhaskar,Anaarkali Of Aaraah,No
Swara Bhaskar,Listen... Amaya,No
Swara Bhaskar,Machhali Jal Ki Rani Hai,No
Swaraaj Singh,Tension Doooor,Yes
Swaroop Kanchi,Yeh Dil Ramta Jogi,No
Swati Sharma,Overtime,Yes
Swati Verma,Mastaani... Lost In A Crowd Of Two,Yes
Sween Sharma,Akkad Bakkad Bambey Bo,Yes
Swini Khara,Kaalo,Yes
Taapsee Pannu,Naam Shabana,No
Tabu,Bhaggmati - The Queen Of Fortunes,No
Tanuj Virwani,Luv U Soniyo,Yes
Tanuj Virwani,Purani Jeans,No
Tanushree,Aadi Shakti,No
Tanushree Datta,Apartment,No
Tanveer Ahmed,Ek Aur Sahaadat,Yes
Tanveer Hashmi,Key Club,No
Tanveer Hashmi,Best Partner,No
Tanveer Hashmi,Bhiga Badan,No
Tanveer Hashmi,Night Lover,No
Tanveer Hashmi,Kaamwali,No
Tanveer Hashmi,Ricksha Waali,No
Tanveer Hashmi,Doodhwali,No
Tanveer Hashmi,Machhiwali,No
Tanveer Hashmi,Barwali,No
Tanveer Hashmi,College Girl,No
Tanya Oberoi,Gumnaam,No
Tara Sharma,Suno Na... Ek Nanhi Aawaz,No
Tarun Arora,Hot Money,No
Tarun Khanna,Shrrameya - The Laborious,No
Tarun Khanna,Kaho Na Kaho,No
Tarun Khanna,Mission 11 July,No
Tejasvita Kapoor,Murder In Mumbai,Yes
Tejaswini Sarkar,De De Ek Chumma De,Yes
Tena Desae,Yeh Faasley,Yes
Tia Bajpai,Identity Card,No
Tiger Shroff,A Flying Jatt,No
Tiger Shroff,Heropanti,Yes
Tiger Shroff,Baaghi,No
Tiger Shroff,Munna Micheal,No
Tina,Karoongi Tujhe Khallaas,Yes
Tina Gujjar,Ab Tumhari Bari,Yes
Tom Alter,Ocean Of An Old Man,No
Trimala Adhikari,Hansa,Yes
Tulip Joshi,Matrubhoomi,No
Tushar Jalota,Showbiz,Yes
Tusshar Kapoor,Aggar,No
Tusshar Kapoor,Shor In The City,No
Tusshar Kapoor,Kya Love Story Hai,No
Tusshar Kapoor,Mastizaade,No
Tusshar Kapoor,Dhol,No
Tusshar Kapoor,Love U...Mr. Kalakaar!,No
Tusshar Kapoor,C Kkompany,No
Tusshar Kapoor,Kyaa Super Kool Hain Hum,No
Tusshar Kapoor,Hum Tum Shabana,No
Tusshar Kapoor,Chaar Din Ki Chandni,No
Tusshar Kapoor,Kyaa Kool Hai Hum,No
Tusshar Kapoor,Bajatey Raho,No
Tusshar Kapoor,Kyaa Kool Hain Hum 3,No
Uday Chopra,Neal N Nikki,No
Udita Goswami,Diary Of A Butterfly,No
Ujwal Chopra,Ek Cheez Milegi Wonderful,Yes
Umed Khandelwal,Baap Jaroor Banunga,Yes
Upasna Singh,Naari Ek Khilona,No
Urmila,Lollypop,No
Urmila Matondkar,Banaras - A Mystic Love Story,No
Urmila Matondkar,Naina,No
Uttar Kumar,Katto,Yes
Uttar Kumar,Dear Vs Bear,Yes
Uunnat Duutt,Tere Pyaarr Mein Paapad,Yes
V.P. Singh,Guardians Who Loved Us,Yes
Vaishali Rawat,Jai Narmada Maiya,Yes
Varun Dhawan,Main Tera Hero,No
Varun Dhawan,Judwaa 2,No
Varun Dhawan,Student Of The Year,Yes
Varun Dhawan,ABCD 2,No
Varun Dhawan,Humpty Sharma Ki Dulhania,No
Varun Dhawan,Badrinath Ki Dulhania,No
Varun Dhawan,Badlapur,No
Vasundhara Das,Eik Dasttak,Yes
Vatsal Sheth,Hostel,Yes
Veena Malik,Mumbai 125 KM,No
Veena Malik,Real Life Of Supermodel,No
Veena Malik,Zindagi 50-50,No
Veer,Yaaraa,Yes
Vega Tamotia,Aamras,Yes
Vicky Kaushal,Zubaan,Yes
Victor Banerjee,Bow Barracks Forever,No
Victor Banerjee,Ho Sakta Hai!,Yes
Vidya Balan,The Dirty Picture,No
Vidya Balan,No One Killed Jessica,No
Vidya Balan,Bobby Jasoos,No
Vidya Balan,Begum Jaan,No
Vidya Balan,Kahaani,No
Vidya Balan,Kahaani 2,No
Vidya Balan,Tumhari Sulu,No
Vidyut Jammwal,Commando 2,No
Vidyut Jammwal,Commando,Yes
Vijay Bhaskar,Pyar Hawas Aur Dhokha,Yes
Vijay Raaz,Mission Tigers,No
Vijay Raaz,Journey Bombay To Goa,No
Vijay Raaz,Kya Dilli Kya Lahore,No
Vijay Saxena,Don Ke Baad Kaun?,Yes
Vikram,David,No
Vikram Aditya,Model - The Beauty,Yes
Vikram Aditya,Mahiya - Call Of Love...,Yes
Vikram Chatwal,Hope & A Little Sugar,No
Vikram Kumar,Old Iss Gold,Yes
Vikram Singh,Trump Card,No
Vikram Singh,Mumbai Godfather,Yes
Vikram Singh,Royal Utsav,No
Vikrant Mahajan,Challo Driver,Yes
Vinay Anand,Kool Nahi Hot Hain Hum,No
Vinay Arora,Pehla Aashiq Pehla Qatil,Yes
Vinay Pathak,Kaagaz Ke Fools,No
Vinay Pathak,Tere Mere Phere,No
Vinay Pathak,Straight,No
Vinay Pathak,Bheja Fry,No
Vinay Pathak,Bheja Fry 2,No
Vinay Pathak,Pappu Can't Dance Saala,No
Vinay Pathak,Dasvidaniya,No
Vinay Pathak,Chalo Dilli,No
Vinay Pathak,Oh. My God!!,No
Vinay Pathak,Utt Pataang,No
Vinay Virmani,Speedy Singhs,Yes
Vincent D'Onofrio,Broken Horses,Yes
Vineeth,Queens! Destiny Of Dance,Yes
Vinit Bhardwaj,Filmi Duniya,Yes
Vinod Khanna,Koyelaanchal,No
Vinod Khanna,Fast Forward,No
Vinod Painter,Gopa - The Freedom Fighter,Yes
Vinod Sherawat,Gafla,No
Vippino,Tum Hi To Ho,Yes
Vir Das,Amit Sahni Ki List,No
Vir Das,Gollu Aur Pappu,No
Vir Das,Mumbai Salsa,Yes
Vir Das,Sooper Se Ooper,No
Vishaw Kashyap,Bacche Mann Ke Sacche,Yes
Vivek Oberoi,Shootout At Lokhandwala,No
Vivek Oberoi,Mission Istaanbul,No
Vivek Oberoi,Pyare Mohan,No
Vivek Oberoi,Prince,No
Vivek Oberoi,Rakht Charitra,No
Vivek Oberoi,Naksha,No
Vivek Oberoi,Kismet Love Paisa Dilli,No
Vivek Oberoi,Kisna,No
Vivek Oberoi,Home Delivery,No
Vivek Oberoi,Jayantabhai Ki Love Story,No
Vivek Sudarshan,Impatient Vivek,Yes
Waqar Khan,Cocktail - The Deadly Combination,No
Waqar Khan,Ishq Na Karna,Yes
Yash Gera,Ussey Kya Ho Jayega?,Yes
Yatin Karyekar,Lagan - The Dedication,Yes
Yogendra Chouhan,Jugatiya,Yes
Yugboah Garewal,Pyaar Kaa Funda,Yes
Yugraj Jain,Ab To Sambhal,No
Yukta Mookhey,Memsahab,No
Zaira Wasim,Secret Superstar,Yes
Zakir Hussain,Satrangee Parachute,No
Zarine Khan,Aksar 2,No
Zarine Khan,Hate Story 3,No
Zayed Khan,Sharafat Gayi Tel Lene,No
Zayed Khan,Love Breakups Zindagi,No
Zayed Khan,Rocky,No
Zayed Khan,Speed,No
Zayed Khan,Fight Club,No
Zeenat Aman,Strings Of Paasion,No
Zeenat Aman,Dunno Y Na Jaane Kyun,No
Zulfi Sayed,Taj Mahal - An Eternal Love Story,No
Zulfi Sayed,Mr. Hot Mr. Kool,No
