director,movie,new_director
Ravi Varma,Golden Boys,No
Sagar Ballary,Kaccha Limboo,No
Ram Gopal Verma,Not A Love Story,No
Habib Faisal,Qaidi Band,No
Aadil Khan,Chaatwali,Yes
Hemant Gaba,Shuttlecock Boys,Yes
Priyanka,Dirty Marriage,No
Sanjay Amar,Future To Bright Hai Ji,Yes
A.R. Murugadoss,Ghajini,Yes
Aamir Khan,Taare Zameen Par,Yes
Ketan Mehta,Mangal Pandey - The Rising,No
Kunal Kohli,Fanaa,No
Nitish Tiwari,Dangal,No
Rajkumar Hirani,3 Idiots,No
Rajkumar Hirani,PK,No
Rakesh Omprakash Mehra,Rang De Basanti,No
Reema Kagti,Talaash,No
Vijay Krishna Acharya,Dhoom 3,No
Rajesh Kumar,Pyaar Mein Aisa Hota Hai,Yes
Aarun Nagar,Gurjar Aandolan - A Fight For Right,Yes
Ravi Sinha,Yehi Hai High Society,No
Mahrukh Mirza,Say Yes To Love,No
Aashish Chanana,Dreams - Sapnay Sach Honge...,Yes
Vishal Pandya,Three - Love Lies Betrayal,Yes
Anwar Shaikh,Malegaon Me Gadbad Ghotala,Yes
Ram Pratap Singh,Khota Sikka - Jaat Ke Thaath,Yes
Baba Jagirdar,Hi Fi Log,Yes
Anurag Kashyap,Dev D,No
Devika Bhagat,One By Two,Yes
Dibakar Banerjee,Oye Lucky! Lucky Oye!,No
Imtiaz Ali,Socha Na Tha,Yes
Mudassar Aziz,Happy Bhaag Jayegi,No
Navdeep Singh,Manorama Six Feet Under,Yes
Reema Kagti,Honeymoon Travels Pvt. Ltd.,Yes
Sanjay Khanduri,Ek Chalis Ki Last Local,Yes
Shivam Nair,Ahista Ahista,Yes
Hemant Prabhu,Lottery,Yes
Kamal Sadanah,Roar - Tigers Of The Sundarbans,Yes
Dharam Prakash,Chakradhaar,Yes
Abbas - Mustan,Players,No
Abhinay Deo,Game,Yes
Ashutosh Gowariker,Khelein Hum Jee Jaan Sey,No
Goldie Behl,Drona,No
Mani Ratnam,Guru,No
Mani Ratnam,Raavan,No
Rakesh Omprakash Mehra,Delhi 6,No
Rohan Sippy,Bluffmaster,No
Rohan Sippy,Dum Maaro Dum,No
Shaad Ali,Bunty Aur Babli,No
Shaad Ali,Jhoom Barabar Jhoom,No
Tarun Mansukhani,Dostana,Yes
Umesh Shukla,All Is Well,No
Rajesh Dubey,Apne Ghayal Indian,Yes
Pawan K. Shrivastava,Naya Pata,Yes
Pravin Damle,A Journey Of Samyak Buddha,Yes
Jyotin Goel,Hum Hai Raahi Car Ke,No
Sanjay Jha,Strings - Bound By Faith,No
Ram Gopal Verma,Contract,No
Anil Devgan,Haal - E - Dil,No
Milind Ukey,Dehraadun Diary,No
Raksha Mistry,Jashnn,No
Shekhar Suman,Heartless,Yes
Chandraprakash Dwivedi,Zed Plus,No
Sona Jain,For Real,Yes
Unni Vijayan,Lessons In Forgetting,Yes
Rahul Bose,Poorna,No
Hemant Hegde,Khanna & Iyer,Yes
Vikram Bhatt,Shaapit,No
Aditya Om,Bandook,No
Abhishek Kapoor,Fitoor,No
Habib Faisal,Daawat E Ishq,No
Mohit Suri,Aashiqui 2,No
Shaad Ali,Ok Jaanu,No
Shree Narayan Singh,Yeh Jo Mohabbat Hai,Yes
Shrirang Dhhavale,Dil Se Poochh... Kidhar Jaana Hai,Yes
Suresh Jain,Ek Aur Murder,No
Shakeel S. Saifee,Feel - The Touch,Yes
Bhushan Patel,1920 - Evil Returns,Yes
Chandrakant Singh,Bin Bulaye Baraati,No
Glen Barreto,Jaane Hoga Kya,Yes
Glen Barreto,Aao Wish Karein,No
J.D. Chakravarthi,Darwaza Bandh Rakho,No
Partho Mitra,Koi Aap Sa,Yes
Robby Grewal,Aloo Chaat,No
Vikram Bhatt,Ankahee,No
Vikram Bhatt,Red - The Dark Side,No
Rajiv S. Ruia,My Friend Ganesha,No
J.P. Dutta,Umrao Jaan,No
Jag Mundhra,Provoked,No
Somnath Sen,The Mistress Of Spices,No
Ajay Devgn,U Me Aur Hum,Yes
Ajay Devgn,Shivaay,No
Anil Devgan,Blackmail,No
Anubhav Sinha,Cash,No
Ashwini Dhir,Atithi Tum Kab Jaoge?,No
Ashwini Dhir,Son Of Sardaar,No
David Dhawan,Rascals,No
Harry Baweja,Main Aisa Hi Hoon,No
John M. Matthan,Shikhar,No
K. Subhash,Insan,No
Kamal,Zameer - The Fire Within,Yes
Kireet Khurana,Toonpur Ka Superrhero,Yes
Madhur Bhandarkar,Dil Toh Baccha Hai Ji,No
Mani Shankar,Tango Charlie,No
Milan Luthria,Once Upon A Time In Mumbaai,No
Milan Luthria,Baadshaho,No
Nishikant Kamat,Drishyam,No
Prabhu Deva,Action Jackson,No
Prakash Jha,Apaharan,No
Prakash Jha,Satyagraha,No
Priyadarshan,Aakrosh,No
Priyadarshan,Tezz,No
Rajkumar Santoshi,Halla Bol,No
Rohit Shetty,Golmaal - Fun Unlimited,No
Rohit Shetty,Sunday,No
Rohit Shetty,Golmaal Returns,No
Rohit Shetty,All The Best - Fun Begins,No
Rohit Shetty,Golmaal 3,No
Rohit Shetty,Singham,No
Rohit Shetty,Bol Bachchan,No
Rohit Shetty,Singham Returns,No
Rohit Shetty,Golmaal Again,No
Sajid Khan,Himmatwala,No
Soham Shah,Kaal,Yes
Vishal Bhardwaj,Omkara,No
V.K. Kumar,Pal Pal Dil Ke Ssaat,Yes
L.N. Masade,Boyfriend.com,Yes
Lalit M. Bisht,Jeet Lenge Jahaan,Yes
Ramesh Rout,Angry Young Man,Yes
Sanjay Suryavanshi,Jai Balaji Mehndipur Wale,Yes
Sanjay Khandelwal,The World Of Fashion,No
Zubair Khan,Lakeer Ka Fakeer,Yes
Madhur Bhandarkar,Calendar Girls,No
Arup Dutta,Bloody Isshq,No
Santosh Gupta,Faraar,Yes
Ashu Trikha,Alag,No
A.R. Murugadoss,Holiday - A Soldier Is Never Off Duty,No
Abhishek Sharma,The Shaukeens,No
Anees Bazmee,Welcome,No
Anees Bazmee,Singh Is Kinng,No
Anees Bazmee,Thank You,No
Anthony D'Souza,Blue,Yes
Anthony D'Souza,Boss,No
Ashish R. Mohan,Khiladi 786,Yes
Dharmesh Darshan,Bewafaa,No
Farah Khan,Tees Maar Khan,No
Farhad - Sajid,Entertainment,Yes
Farhad - Sajid,Housefull 3,No
Karan Malhotra,Brothers,No
Kompin Kemgumnird,Jumbo,Yes
Krish,Gabbar Is Back,Yes
Milan Luthria,Once Upon A Time In Mumbaai Dobaara!,No
Nagesh Kukunoor,8 x 10 Tasveer,No
Neeraj Pandey,Special 26,No
Neeraj Pandey,Baby,No
Neeraj Vora,Phir Hera Pheri,No
Nikhil Advani,Chandni Chowk To China,No
Nikhil Advani,Patiala House,No
Prabhu Deva,Rowdy Rathore,No
Prabhu Deva,Singh Is Bling,No
Priyadarshan,Garam Masala,No
Priyadarshan,Bhagam Bhag,No
Priyadarshan,Bhool Bhulaiyaa,No
Priyadarshan,De Dana Dan,No
Priyadarshan,Khatta Meetha,No
Raj Kanwar,Humko Deewana Kar Gaye,No
Rajkumar Santoshi,Family - Ties of Blood,No
Rohit Dhawan,Desi Boyz,Yes
Sabbir Khan,Kambakkht Ishq,Yes
Sajid Khan,Heyy Babyy,Yes
Sajid Khan,Housefull,No
Sajid Khan,Housefull 2,No
Shirish Kunder,Jaan-E-Mann,Yes
Shirish Kunder,Joker,No
Shree Narayan Singh,Toilet Ek Prem Katha,No
Subhash Kapoor,Jolly LLB 2,No
Suneel Darshan,Dosti - Friends Forever,No
Suneel Darshan,Mere Jeevan Saathi,No
Umesh Shukla,OMG! Oh My God,No
Vijay Krishna Acharya,Tashan,Yes
Vikram Bhatt,Deewane Huye Paagal,No
Vipul Amrutlal Shah,Waqt - The Race Against Time,No
Vipul Amrutlal Shah,Namastey London,No
Vipul Amrutlal Shah,Action Replayy,No
Akshay Akkineni,Pizza,Yes
Vidhi Kasliwal,Isi Life Mein...!,Yes
Abbas - Mustan,36 China Town,No
Abbas - Mustan,Naqaab,No
Aroop Adhikari,Dahek,Yes
Dharmesh Darshan,Aap Ki Khatir,No
Feroz Abbas Khan,Gandhi My Father,Yes
Neeraj Vora,Short Kut - The Con Is On,No
Priyadarshan,Mere Baap Pehle Aap,No
Satish Kaushik,Shaadi Se Pehle,No
Sanjay Khandelwal,Vatsayanana Kamasutra - 2,No
Geeta Tomar,Mr. Majnu,Yes
Akram Khan,Romeo Bola Pyar Ki Aisi Ki Taisi,Yes
Charudutt Acharya,Sonali Cable,Yes
Karan Darra,Khamoshiyan,Yes
Roshan Abbas,Always Kabhi Kabhi,Yes
Shuja Ali,Baat Ban Gayi,Yes
Abhishek Sharma,Tere Bin Laden,Yes
Anu Menon,London Paris New York,Yes
David Dhawan,Chasme Baddoor,No
E. Niwas,Total Siyaapa,No
Gauri Shinde,Dear Zindagi,No
Sandeep Bhat,Kkamjori - The Weakness,No
M.R. Shahjahan,Karma: Crime. Passion. Reincarnation,Yes
Shashi Shekhar,Ek Baar Dhol Bajao Na,Yes
Amit Suryavanshi,Kamsin - The Untouched,No
Deepak Kumar Bandhu,Aakhari Decision,Yes
K. Ravi Shankar,Iqraar By Chance,No
Sunil Tiwari,Runway,No
Amit Chauhan,Me Mamu & 7,Yes
Arjun Raj,Hot Maliaka,No
Babu,Garam Saansein,Yes
Salim Raza,Bach Ke Zaraa,Yes
Chandini Gupta,Kaam Milan,No
Chandini Gupta,Agni Prem,No
Manish Manikpuri,Aalaap,Yes
Yogesh Bharadwaj,Miss Anara,No
Mahesh Pandey,332 Mumbai to India,Yes
Amit Roy,Running Shaadi,Yes
Manjul Kapoor,Ek Gumrah,Yes
Amrit Sagar,1971,Yes
Aniruddha Roy Chowdhury,Pink,Yes
Ashok Gupta,Yaar Meri Zindagi,Yes
Leena Yadav,Teen Patti,No
Mahesh Manjrekar,Viruddh... Family Comes First,No
Nitish Tiwari,Bhoothnath Returns,No
Puri Jagannadh,Bbuddah Hoga Terra Baap,No
R. Balki,Cheeni Kum,Yes
R. Balki,Paa,No
R. Balki,Shamitabh,No
Ram Gopal Verma,Sarkar,No
Ram Gopal Verma,Nishabd,No
Ram Gopal Verma,Ram Gopal Varma Ki Aag,No
Ram Gopal Verma,Sarkar Raj,No
Ram Gopal Verma,Sarkar 3,No
Rituparno Ghosh,The Last Lear,No
Romesh Sharma,Dil Jo Bhi Kahey,Yes
Sanjay Leela Bhansali,Black,No
Shoojit Sircar,Piku - Motion Se Hi Emotion,No
Vidhu Vinod Chopra,Eklavya - The Royal Guard,No
Vivek Sharma,Bhoothnath,Yes
Praveen Kumar,Jo Dooba So Paar,Yes
Anant Mahadevan,Staying Alive,No
Arvind Ranjan Das,Ghazab Nagariya,Yes
Imtiaz Patel,C D Kaand,Yes
Anay,Happy Husbands,Yes
Anees Bazmee,No Entry,No
Anees Bazmee,No Problem,No
Jijy Philip,My Wife's Murder,Yes
Subhash Ghai,Black & White,No
Nitin Raghunath,Mere Haule Dost,Yes
Kamal Swaroop,Om Dar-B-Dar,Yes
K.D. Satyam,Admission Open,Yes
Mahesh Manjrekar,City Of Gold - Mumbai 1982: Ek Ankahi Kahani,No
Nitin Mathur,Kahani Ek Sangharsh Ki,Yes
Janaki Vishwanathan,Yeh Hai Bakrapur,Yes
Antara Mali,Mr Ya Miss,Yes
Vinod Kapri,Miss Tanakpur Haazir Ho,Yes
Baldev Paal,Yeshu Palanhar,Yes
Ajmal Zaheer Ahmad,Perfect Mismatch,Yes
Shyamlal K. Mishra,Resham Dunkkk,Yes
Pankaj Sharma,Chhutanki,No
Devang Dholakia,3 Nights 4 Days,Yes
Jag Mundhra,Chase,No
Sachin Gupta,Paranthe Wali Gali,Yes
Arup Dutta,Morning Walk,Yes
Dibakar Banerjee,Khosla Ka Ghosla,Yes
Jahnu Barua,Maine Gandhi Ko Nahin Mara,Yes
Karan Razdan,Mr. Bhatti On Chutti,No
N. Chandra,Yeh Mera India,No
Ravindra Gautam,Ekkees Toppon Ki Salaami,Yes
Varun Khanna,American Blend,Yes
Deepak Goswami,Sai Yatraa - A Religious Love Story,Yes
Ravi Sinha,Retake,No
Ashok Kheny,Prem Kaa Game,Yes
Puneet Sira,Kisaan,No
Rajeev Walia,Tera Intezaar,Yes
Jay Prakash,Dee Saturday Night,No
Raaj Mukherjee,Chalo Picnic Manayen,Yes
B.M. Mirza,I'm In Love,Yes
Abhishek Varman,2 States,Yes
Amit Ravindernath Sharma,Tevar,Yes
Anees Bazmee,Mubarakan,No
Atul Sabharwal,Aurangzeb,Yes
Habib Faisal,Ishaqzaade,No
Mohit Suri,Half Girlfriend,No
Chander Mishra,Time Pass,Yes
Apoorva Lakhia,Ek Ajnabee,No
Ashim Ahluwalia,Daddy,Yes
Nikhil Advani,D Day,No
Prakash Jha,Chakravyuh,No
Satish Kaushik,Vaada,No
Sudhir Mishra,Inkaar,No
Vikram Bhatt,Elaan,No
Vivek Agrawal,I See You,Yes
Arif Ali,Lekar Hum Deewana Dil,Yes
Vinod Rikhhi,Yeh Figure Hai,Yes
Manoj Sharma,Bin Phere Free Me Ttere,No
Ajay Chandhok,Kisse Pyaar Karoon,No
Amrit Sagar,Rabba Main Kya Karoon,No
Ashish R. Mohan,Welcome 2 Karachi,No
Jaideep Sen,Krazzy 4,Yes
Kabeer Kaushik,Sehar,Yes
Kabeer Kaushik,Hum Tum Aur Ghost,No
Raj Kaushal,Anthony Kaun Hai?,No
Samar Khan,Kuchh Meetha Ho Jaye,Yes
Samir Tewari,Mr. Joe B. Carvalho,Yes
Subhash Kapoor,Jolly LLB,No
Subhash Kapoor,Guddu Rangeela,No
Tarique Khan,Ek Se Bure Do,Yes
Vinay Shukla,Mirch,No
Teerat Singh Johar,Charitraheen - Ek Naari Ki Vyatha,No
Aziz Sejawal,Paapi - Ek Satya Katha,No
Vickey S. Kumar,Raftaar - An Obsession,Yes
Ajay Kanchan,Aisa Kyon Hota Hai,Yes
Om Prakash Makkar,Mr. 100% - The Real Player,Yes
Shyam Ramsay,Ghutan,No
Aaditya Datt,Good Luck,No
Ashok Tyagi,It's Rocking Dard-E-Disco,No
Prakash Saini,Ek Aadat,No
Rajendra Shiv,Kyun Hua Achanak,Yes
Mahesh Kodiyal,Mai,Yes
S. Sachindra,Mumbai Can Dance Saalaa,Yes
Nikhil Singh,With Love. Delhi!,Yes
Soni Razdan,Nazar,Yes
Vinod Chhabra,Saanwariya - Khatu Shyamji Ki Amar Gaatha,No
Joy Mukherjee,Love In Bombay,Yes
Atul Sriva,College Campus,Yes
Sanjay Sharan,Vidhata Tere Khel Hain Nirale,Yes
Gurbir S. Grewal,Coffee House,Yes
Yogesh Bharadwaj,Shabnam Mousi,No
Imran Khalid,Dhadkanein,No
Abu Akbar,Gauri The Unborn,Yes
Anup Kurian,Manasarovar,Yes
Karan Razdan,Aagaah - The Warning,No
Priyadarshan,Bumm Bumm Bole,No
Bhabani Prasad,Baba Ramsaa Peer,Yes
Karan Kashyyap,Zindagi Jalebi,Yes
Tanvir Ahmad,Ada....A Way of life,Yes
Nagesh Kukunoor,Dor,No
Nagesh Kukunoor,Mod,No
Bhagirathi Swain,Sarfaroshi - A War Against System,Yes
Akshay Roy,Meri Pyaari Bindu,Yes
Ashwiny Iyer Tiwari,Bareilly Ki Barfi,No
Nupur Asthana,Bewakoofiyaan,No
R.S. Prasanna,Shubh Mangal Saavdhan,Yes
Rohan Sippy,Nautanki Saala,No
Sharat Katariya,Dum Laga Ke Haisha,No
Shoojit Sircar,Vicky Donor,No
Vibhu Puri,Hawaizaada,Yes
Ashfaque Makrani,Qasam Se Qasam Se,Yes
Adeeb Rais,Main Aur Mr. Riight,Yes
Chander Behl,Janani,Yes
Manish Shrivastava,Wife Hai To Life Hai,Yes
Akashaditya Lama,Cigarette Ki Tarah,Yes
Deepak Ramsay,Aatma,No
Madhur Bhandarkar,Corporate,No
Saurabh Shukla,Chehraa,No
Sudipto Chattopadhyay,Pankh,Yes
Vikram Bhatt,Creature 3D,No
Rana Jaiswal,Yaad Rakhenge Aap,No
Bunty Soorma,Humko Tumse Pyaar Hai,No
Kabeer Kaushik,Chamku,No
Rajeev Virani,Help,No
Samir Karnik,Nanhe Jaisalmer,No
Samir Karnik,Vaada Raha...,No
Sangeeth Sivan,Ek - The Power Of One,No
Suneel Darshan,Barsaat,No
Suneel Darshan,Shaka Laka Boom Boom,No
Vikram Bhatt,Jurm,No
B. Subhash,London Calling,No
Akashdeep,Santa Banta Pvt. Ltd.,No
Bela Sehgal,Shirin Farhad Ki Toh Nikal Padi,Yes
Shyam Benegal,Well Done Abba,No
Jenner Jose,Ooops A Desi,Yes
Mahesh Nair,Accident On Hill Road,Yes
Deepak Bengani,Ek Main Ek Tum,Yes
Shiv Dube,MLA,Yes
Suresh Jain,Laash - The Deadly Revenge,No
Ashish R. Shukla,Prague,Yes
Rafeeq Ellias,Love You To Death,Yes
Manikya Raju,Maruti Mera Dosst,Yes
Shekhar S. Jha,Prem Mayee,No
Ajit Bhairavkar,Mokssh,Yes
Tanveer Khan,Miley Naa Miley Hum,No
Babloo Sheshadri,Wake Up India,Yes
Kunal Vijayakar,Fruit & Nut,Yes
Shivajee Chandrabhushan,Frozen,Yes
Ashish Tyagi,Dilli Gang,Yes
Satyajit Bhatkal,Zokkomon,Yes
Kishan Shah,Today Expose,No
Jiten Purohit,Diwangi Ne Had Kar Di,Yes
Tutu Sinha,The Light - Swami Vivekananda,Yes
Bela Negi,Daayen Ya Baayen,Yes
K. Rajesh,Chor Chor Super Chor,Yes
Prakash Saini,Chal Bhaag,No
Sachin P. Karande,Vikalp,No
Homi Adajania,Finding Fanny,No
Deepshika,Yeh Dooriyaan,Yes
Ashok Nanda,Rivaaz,No
Sanjoy Nag,Memories in March,Yes
Sanjivan Lal,Bubble Gum,Yes
Dev Anand,Mr. Prime Minister,No
Dev Anand,Chargesheet,No
Kadar Kashmiri,Aman Ke Farisshtey,No
Ravi Varma,Karavaas - The Punishment,No
Manan Singh Katohora,9 Eleven,Yes
R.G. Sagonakha,Jalsa Ghar Ki Devi,Yes
Dil Kumar,Ram Balram Aur Ramkali,No
Anand L. Rai,Raanjhanaa,No
Smeep Kang,Second Hand Husband,Yes
V.K. Singh,Humraah - The Traitor,No
Amol Shetge,Naam Gum Jaayega,No
Ajay Bahl,B.A. Pass,Yes
Sidharth Srinivasan,Pairon Talle,Yes
Anshai Lal,Phillauri,Yes
Chandarsen Singh,Bollywood Villa,Yes
Shyam Shah,Phir Aik Saazish,Yes
Gurmmeet Singh,What The Fish,Yes
Irfan,Har Raat Naya Saudagar,No
K. Bhushan,Maya Ya Maut,No
Anant Mahadevan,Anamika,No
Deepak Tijori,Tom Dick and Harry,No
Neeraj Pathak,Gumnaam - The Mystery,Yes
Pawan Kaul,Bhram,No
Pooja Bhatt,Holiday,No
Vikram Bhatt,Life Mein Kabhi Kabhiee,No
Raju Mavani,Anuradha - Aur Uski Kahaani,No
Arshad Khan,Pehli Nazar Ka Pyaar,No
Faiz Anwar,Saathi - The Companion,Yes
Prabhakar Shukla,Kahaani Gudiya Ki...,Yes
Sushen Bhatnagar,Monica,No
Vijay Ghatge,Shobhayatra,Yes
Shammi Chhabra,Lucky Kabootar,Yes
Hema Malini,Tell Me O Kkhuda,Yes
Aaditya Datt,Aashiq Banaye Aapne,Yes
Aaditya Datt,Dil Diya Hai,No
Anant Mahadevan,Aksar,No
Anthony D'Souza,Azhar,No
Anurag Basu,Gangster - A Love Story,No
Ashwini Chaudhary,Good Boy Bad Boy,No
Dibakar Banerjee,Shanghai,No
Kunal Deshmukh,Jannat,Yes
Kunal Deshmukh,Tum Mile,No
Kunal Deshmukh,Jannat 2,No
Kunal Deshmukh,Raja Natwarlal,No
Manish Sharma,Jawani Diwani - A Youtful Joyride,Yes
Mohit Suri,Zeher,Yes
Mohit Suri,Awarapan,No
Mohit Suri,Raaz - The Mystery Continues,No
Mohit Suri,Crook,No
Mohit Suri,Murder 2,No
Mohit Suri,Hamari Adhuri Kahani,No
Raj Kumar Gupta,Ghanchakkar,No
Raksha Mistry,The Killer,Yes
Raksha Mistry,The Train,No
Renzil D'Silva,Ungli,No
Shamin Desai,Rush,Yes
Vikram Bhatt,Raaz 3,No
Vikram Bhatt,Mr. X,No
Vikram Bhatt,Raaz Reboot,No
Vivek Agnihotri,Chocolate,Yes
Aziz Naser,Siyaah,Yes
Sharique Minhaz,Chand Bujh Gaya,Yes
David Dhawan,Shaadi No. 1,No
Meghna Gulzar,Just Married,No
Mudassar Aziz,Dulha Mil Gaya,Yes
Puneet Sira,Jai Veeru,No
Ram Gopal Verma,Darling,No
Suparn Verma,Ek Khiladi Ek Haseena,Yes
Suparn Verma,Acid Factory,No
Abhishek Kapoor,Rock On!!,No
Bejoy Nambiar,Wazir,No
Rakesh Omprakash Mehra,Bhaag Milkha Bhaag,No
Ranjit Tiwari,Lucknow Central,Yes
Saket Chaudhary,Shaadi Ke Side Effects,No
Shujaat Saudagar,Rock On 2,Yes
Vijay Lalwani,Karthik Calling Karthik,Yes
Zoya Akhtar,Luck By Chance,Yes
Mrityunjay Devvrat,Children Of War,Yes
Sanjay Puran Singh Chauhan,Lahore,Yes
Praveen Morchhale,Barefoot To Goa,Yes
A. Rajesh,Main Hoon Durga,Yes
Shashanka Ghosh,Khoobsurat,No
Jaganath S.R.,Aaj Ka Fashion Trend,Yes
Natty Kumar,Tum Ho Yaara,Yes
Pammi Somal,Na Jaane Kabse,Yes
P. Som Shekar,Muskurake Dekh Zara,Yes
Savin Tuscano,Vroom,Yes
Mahesh Kapoor,Hota Hai Dil Pyaar Mein Paagal,No
Varun Khanna,Bad Luck Govind,No
Shravan Jain,Bhooton Ki Raasleela,Yes
Manish Shrivastava,Go,No
Harish Bhonsle,Shoot At Sight,No
Aarif Sheikh,Let's Dance,Yes
Charles Sleichter,Will To Live,Yes
Prabhu Deva,Ramaiya Vastavaiya,No
Vaibhav Misra,Loveshhuda,Yes
Anees Bazmee,Sandwich,No
David Dhawan,Do Knot Disturb,No
Ganesh Acharya,Money Hai Toh Honey Hai,No
Harmesh Malhotra,Khullam Khulla Pyaar Karen,No
Jag Mundhra,Naughty @ 40,No
Janmendra Ahuja,Jahan Jaaeyega Humen Paaeyega,Yes
K.C. Bokadia,Deewana Main Deewana,No
Kirti Kumar,Ssukh,No
Rajnish Thakur,Loot,Yes
Rumi Jaffery,Life Partner,No
T.K. Rajiv Kumar,Chal Chala Chal,No
Ajay Panesekar,Yehi Hai Zindagi,No
Dharmesh Tiwari,Mahabharat Aur Barbareek,Yes
Indrajit Singh,Chanchal,Yes
Rahat Kazmi,Dekh Re Dekh,Yes
Ramesh Modi,Milta Hai Chance By Chance,No
Sisir Mishra,Aseema,Yes
Kuldeepak Bakshi,Meri Marzi,Yes
Manoj Tiwari,Hello Darling,Yes
Suresh Jain,Red Light,No
Suresh Jain,The Real Dream Girl,No
Puneet Issar,I Am Singh,No
Sudhir Pillai,The Dirty MMS,Yes
Syed Noor,Meri Shadi Karao,Yes
Gurmeet Ram Rahim Singh,MSG - The Warrior Lion Heart,Yes
Gurmeet Ram Rahim Singh,Hind Ka Napak Ko Jawab - MSG Lion Heart-2,No
Gurmeet Ram Rahim Singh,Jattu Engineer,No
Jeetu Arora,MSG - The Messenger Of God,Yes
Jeetu Arora,MSG 2 - The Messenger,Yes
Girja Shankar,Banana Brothers,Yes
Sharique Minhaj,Lateef - The King Of Crime,Yes
Swaroop Kanchi,Bengaloored,Yes
Ajit Pal Mangat,Victory,Yes
Harry Baweja,Love Story 2050,No
Sanamjit Talwar,Dishkiyaoon,Yes
Rajiv S. Ruia,My Friend Ganesha 2,No
Nila Madhab Panda,I Am Kalam,Yes
Raj Purohit,Jigariyaa,No
Rakesh Omprakash Mehra,Mirzya,No
Lawrence D'Souza,Sanam Teri Kasam,No
Gul Bahar Singh,Ek Thi Rani Aisi Bhi,Yes
Harish Sharma,2 Nights In Soul Valley,Yes
Divya Khosla,Yaariyan,Yes
Sattwik Mohanty,Ranchi Diaries,Yes
Sanjeev Reddy,Login,Yes
Amol Shetge,Rain,No
Anant Mahadevan,The Xpose,No
Ishaan Trivedi,Radio,No
Pooja Bhatt,Kajraare,No
Satish Kaushik,Karzzzz,No
Shawn Arranha,Teraa Surroor,No
Swapna Joshi,Damadamm!,Yes
Vijay Taneja,Aap Kaa Surroor,Yes
C.M. Jain,Www.Sheetal Bhabhi.com,Yes
Shankar Mondal,Shaabash! You Can Do It!,Yes
G. Venugopal,5ters: Castle of Dark Master,Yes
Faisal Saif,Jigyaasa,Yes
Anurag Basu,Kites,No
Ashutosh Gowariker,Jodhaa Akbar,No
Ashutosh Gowariker,Mohenjo Daro,No
Karan Malhotra,Agneepath,Yes
Rakesh Roshan,Krrish,No
Rakesh Roshan,Krrish 3,No
Sanjay Gadhvi,Dhoom 2,No
Sanjay Gupta,Kaabil,No
Sanjay Leela Bhansali,Guzaarish,No
Siddharth Anand,Bang Bang,No
Zoya Akhtar,Zindagi Na Milegi Dobara,No
Srinivas Sunderrajan,Greater Elephant,Yes
Rajesh Bachchani,Shree,Yes
Hridhay Sharma,Chaska - An Addiction,Yes
Joy Augustine,Aishwarya,No
Manish Tiwary,Dil Dosti Etc,Yes
Prawal Raman,404,No
Kishan Shah,Bhookh - The Hunger Of Body,No
Abbas Tyrewala,Jaane Tu... Ya Jaane Na,Yes
Abhinay Deo,Delhi Belly,Yes
Ali Abbas Zafar,Mere Brother Ki Dulhan,Yes
Danish Aslam,Break Ke Baad,Yes
Nikhil Advani,Katti Batti,No
Punit Malhotra,I Hate Luv Storys,Yes
Punit Malhotra,Gori Tere Pyaar Mein,No
Sanjay Gadhvi,Kidnap,No
Vishal Bhardwaj,Matru Ki Bijlee Ka Mandola,No
Suresh K. Goswami,Ziyarat,Yes
Anurag Basu,Life In A Metro,No
Himanshu Brahmbhatt,Rog,No
Kaushik Roy,Apna Asmaan,Yes
Meghna Gulzar,Talvar,No
Priyadarshan,Billu,No
Saket Chaudhary,Hindi Medium,No
Sudhir Mishra,Yeh Saali Zindagi,No
Tanuja Chandra,Qarib Qarib Singlle,No
Tigmanshu Dhulia,Paan Singh Tomar,No
Marlon Rodrigues,C U At 9,Yes
Lalit Marathe,Shabri,Yes
Shankhadeep,Aashiqui.in,Yes
Iqbal Ali,Ab To Jaago,No
Raj Purohit,Sixteen,Yes
Santosh Gupta,Kaand - Black Scandal,No
Ram Gopal Verma,Bhoot Returns,No
Anand Balraj,Daal Mein Kuch Kaala Hai!,Yes
Anand L. Rai,Thodi Life Thoda Magic,No
Deepak Balraj Vij,Maalik Ek,No
Dilip Shankar,Married To America,No
Himanshu Brahmbhatt,Musaa - The Most Wanted,No
Jaidev Chakravorty,We R Friends,Yes
Japinder Kaur Baweja,Dilliwali Zaalim Girlfriend,Yes
Kittu Saluja,Bhoot And Friends,No
Mahesh Vaijnath Doijode,Kahin Hai Mera Pyar,Yes
Milind Swamy,Hum Do Anjaane,No
Mukesh Saigal,Bhoot Unkle,Yes
Partho Ghosh,Ek Second... Jo Zindagi Badal De?,No
Rakesh Kakaria,Vidyaarthi,No
Rohit Kaushik,Mera Dil Leke Dekkho,Yes
Shashi Pritam,Kitkit + Cricket = Kirkit,Yes
Priyadarshan,Rangrezz,No
Remo D'Souza,F.A.L.T.U,Yes
Sanjay Gadhvi,Ajab Gazabb Love,No
Syed Ahmed Afzal,Youngistaan,Yes
Vinod Mukhi,Www.Love.com,Yes
Rajeev Virani,My Bollywood Bride,Yes
Rakesh Jain,Ye Stupid Pyar,Yes
Ashvin Kumar,The Forest,Yes
Jayabrato Chatterjee,Love Songs,Yes
Ajay Mehra,Bazaar-E-Husn,Yes
Basit Khan,Ho Jaata Hai Pyar,Yes
Anand Kumar,Delhii Heights,Yes
Anand L. Rai,Strangers,Yes
Anant Mahadevan,Victoria No. 203,No
Anwer Khan,Four Two Ka One,Yes
Dilip Sood,Chhodon Naa Yaar,Yes
Faruq Masudi,Rehguzar,Yes
Hemant Madhukar,A Flat,Yes
Ishaan Trivedi,Bachelor Party,No
Kabir Sadanand,Fugly,No
Karan Razdan,Umar,No
Khalid Mohamed,Silsiilay,No
Onir,Bas Ek Pal,Yes
Pawan Kirpalani,Darr @ The Mall,No
Shoojit Sircar,Yahaan,Yes
Tony,Hastey Hastey - Follow Your Heart,Yes
Abbas Tyrewala,Jhoota Hi Sahi,No
Abhinay Deo,Force 2,No
Anees Bazmee,Welcome Back,No
Anurag Kashyap,No Smoking,Yes
Deepa Mehta,Water,No
Kabir Khan,Kabul Express,Yes
Kabir Khan,New York,No
Kapil Sharma,I. Me Aur Main,Yes
Milan Luthria,Taxi Number 9 2 11,No
Nagesh Kukunoor,Aashayein,No
Nishikant Kamat,Force,No
Nishikant Kamat,Rocky Handsome,No
Rohit Dhawan,Dishoom,No
Sanjay F. Gupta,Karam,Yes
Sanjay Gupta,Shootout At Wadala,No
Shoojit Sircar,Madras Cafe,No
Vivek Agnihotri,Dhan Dhana Dhan Goal,No
B.R. Ishara,Mein Bikaaoo On Sale,No
Ishaan Trivedi,7 1/2 Phere,Yes
Onir,I Am,No
Rajiv S. Ruia,Main Hoon Krishna,No
Tilak Chutani,Sardi Mein Garmi,No
Nabh Kumar Raju,Topless,No
Mohan Sharma,26th July At Barista,No
Manish,Main Tere Ishq Mein,Yes
Shakir Shaikh,Mudrank - The Stamp,Yes
Siddharth Malhotra,We Are Family,Yes
R. Gautam,Dhund Lenge Manzil Hum,Yes
Anurag Kashyap,That Girl in Yellow Boots,No
Shonali Bose,Margarita With A Straw,No
Sandeep Malani,Janleva 555,Yes
Jagdish Sharma,Deshdrohi,No
Singeetam Srinivasa Rao,Mumbai Xpress,Yes
A. Chitransh,Phaans - Ek Jasoos Ki Kahani,No
Hansal Mehta,Simran,No
Sai Kabir,Revolver Rani,Yes
Vikas Bahl,Queen,Yes
Vishwas Patil,Rajjo,Yes
Ranjan Shandilya,Myoho,Yes
Deepak Ramsay,Aatma,No
Sharad Chaudhary,Nishaan - The Mark,Yes
Abbas - Mustan,Kis Kisko Pyaar Karoon,No
Rajeev Dhingra,Firangi,Yes
Bhushan Patel,Alone,No
Paul - Venu,Aakhri Deal,Yes
J.H. Nakra,Love Possible,Yes
Nitin Tiwari,Rajula - A Tale From The Himalayas,Yes
Muazzam Beg,Sadda Adda,Yes
Vivek Agnihotri,Zid,No
Madhur Bhandarkar,Heroine,No
R. Balki,Ki & Ka,No
Shakun Batra,Ek Main Aur Ekk Tu,Yes
Vikram Bhatt,Dangerous Ishhq,No
Shyam Ramsay,Bachao Inside Bhoot Hai,No
Ashwini Dhir,Guest In London,No
Luv Ranjan,Pyaar Ka Punchnama,Yes
Luv Ranjan,Akaash Vani,No
Luv Ranjan,Pyaar Ka Punchnama 2,No
Rajesh Mittal,Jhansi Ki Rani Laxmibai,No
Faroogh Siddiqui,Revati,No
Jagdish Rajpurohit,Bumboo,Yes
Ankush Bhatt,Bhindi Bazaar Inc,Yes
Anurag Kashyap,Black Friday,Yes
Anurag Kashyap,Gulaal,No
Kanika Verma,Dansh,Yes
Manish Gupta,The Stoneman Murders,Yes
Manish Gupta,Rahasya,No
Nishikant Kamat,Mumbai Meri Jaan,Yes
Pankaj Advani,Sankat City,Yes
Rakesh Mehta,Life Ki Toh Lag Gayi,Yes
Suhail Tatari,Ankur Arora Murder Case,No
Yunus Sajawal,Benny And Babloo,Yes
Suresh Jain,Main Hoon Basanti Tangewali,No
Ashok Mehta,Ladies First,No
Mahesh D. Singh,It Can Be Dangerous - City Of Dreams,Yes
Partho Ghosh,Sitam,No
Rajiv S. Ruia,Jalwa - Fun In Love,No
Gajendra Ahire,Just 47 - Hum Bhi Insaan Hai,Yes
Sanjiv Jaiswal,Shudra - The Rising,Yes
Pammi Somal,Mummy Punjabi,Yes
Shona Urvashi,Saas Bahu Aur Sensex,No
Madhur Bhandarkar,Indu Sarkar,No
Vishal Inamdar,It's Breaking News,Yes
Umesh Gandhi,Mumbai 118,Yes
Alankrita Shrivastava,Lipstick Under My Burkha,No
Madhur Bhandarkar,Page 3,No
Manu Rewal,Chai Pani Etc...,Yes
Shonali Bose,Amu,Yes
Jairaj Padmanabhan,U Bomsi N Me,Yes
Manoj,Love King Murder,Yes
S. Soni,Aur Pappu Pass Ho Gaya,Yes
Kumaar Aadarsh,Shringaar,Yes
Sanjay Khandelwal,Rooh,No
Prabhu Dayal Meena,Gailya - The Ghost Of Night,Yes
Milan Luthria,Hattrick,No
Sameer Sharma,Luv Shuv Tey Chicken Khurana,Yes
Tigmanshu Dhulia,Raag Desh,No
Krishna D.K,99,Yes
Madhur Bhandarkar,Traffic Signal,No
Mohit Suri,Kalyug,Yes
Rohit Jugraj,Superstar,Yes
Umesh Shukla,Dhoondte Reh Jaoge,Yes
Vishal Mahadkar,Blood Money,Yes
Babu Bhatt,Mumbai Shooters,Yes
Kailash Dangi,Titar Fanda - A Death Trap,Yes
Ashok Kohli,Rajdhani Express,Yes
Prashant Nair,Delhi In A Day,Yes
Tarun Madan Chopra,W,Yes
Santosh Sivan,Before The Rains,No
Rajiv Babbar,Kasak,No
Luke Kenny,Rise Of The Zombie,Yes
Raj Kanwar,Sadiyaan,No
Anil Balani,Rakhtbeej,Yes
Kallol Sen,Kabhi Socha Bhi Na Tha,Yes
Anil Mehta,Aaja Nachle,Yes
Soumik Sen,Gulaab Gang,Yes
Raj N. Sippy,Jimmy,No
Raj N. Sippy,The Murderer,No
Vikram Bhatt,Haunted 3D,No
Simran,Be Parda,Yes
Tigmanshu Dhulia,Saheb Biwi Aur Gangster,No
Tigmanshu Dhulia,Saheb Biwi Aur Gangster Returns,No
Amar Butala,Kudiyon Ka Hai Zamana,Yes
Junaid Memon,The Film,Yes
Karan Razdan,Souten - The Other Woman,No
Govind Menon,Bachke Rehna Re Baba,No
Jennifer Chambers Lynch,Hisss,Yes
K.C. Bokadia,Dirty Politics,No
Sachin Kamlakar Khot,Ugly Aur Pagli,Yes
Sanjay Chhel,Maan Gaye Mughall-E-Azam,No
Bappaditya Roy,Sau Jhooth Ek Sach,Yes
Pradeep Pandit,Ek Pyaar Aisa Bhi,Yes
Kukku Batra,Vishwas - The Power Of Faith,No
Chandrakant Kulkarni,Meerabai Not Out,Yes
Jitender Pawar,Trip To Bhangarh,Yes
Abhishek Sharma,Tere Bin Laden - Dead Or Alive,No
Saurabh Varma,Mickey Virus,Yes
Harryy W. Fernaandes,Anjaane - The Unknown,Yes
Jay Prakash,Chaahat Ek Nasha...,No
K. Ajay Kumar,Tulsi,Yes
Raajatesh Nayar,Sirf....,Yes
Manoj Amarnani,Life Is Beautiful!,Yes
Ajay Varma,Dus Tola,Yes
Anand Kumar,Jugaad,No
Anurag Kashyap,Gangs Of Wasseypur 1,No
Bedabrata Pain,Chittagong,Yes
Deepak Tijori,Fareb,No
Ganesh Acharya,Swami,Yes
Hansal Mehta,Aligarh,No
Maqbool Khan,Lanka,Yes
Rajesh Pillai,Traffic,Yes
Kesar Matharu,The Dirty Relation,No
S. Latif,Chaahat Ek Ehsaas,Yes
Hasnain Hyderabadwala,Ya Rab,Yes
Iqbal Durrani,Hum Tum Dushman Dushman,No
Mashhoor Amrohi,Hum Sey Hai Jahaan,Yes
Irfan Kamal,Thanks Maa,Yes
Ajay Yadav,Bhadaas,No
Faisal Saif,5 Ghantey Mein 5 Crore,No
Aditya Om,Bad Friend,No
Afzal Ahmed,Mashooka,No
Ashok Nanda,Hum Tum Aur Mom,Yes
Chandra Pemmaraju,Love Lies And Seeta,Yes
Shakeel Noorani,Tezaab - The Acid of Love,No
Sunil Agnihotri,Balwinder Singh... Famous Ho Gaya,No
Aron Govil,U R My Jaan,Yes
Devendra Dua,Husn Bewafa,No
K. Bhushan,Karo Na... Pyaar,No
Milind Ukey,Humne Jeena Seekh Liya,No
Sanjay Khanna,Katputtli,No
Subhash Ghai,Kaanchi,No
Ashim Samanta,Don Muthu Swami,No
Ashu Trikha,Baabarr,No
Ashu Trikha,Zindagi Tere Naam,No
Ashu Trikha,Enemmy,No
B. Subhash,Classic Dance Of Love,No
Girish Girija Joshi,Zor Lagaa Ke... Haiya!,Yes
Prakash Kapoor,Insaaf Ki Jung,Yes
Rohit Nayyar,Sun Zarra.....,No
Sanjay Sharma,Qatal-E-Aam,No
Ujjwal Singh,Chal Chalein,Yes
Arshad Yusuf Pathan,Unforgettable,Yes
Irfan Khan,Bullet Ek Dhamaka,Yes
Rajan Khosa,Gattu,Yes
Akshay Shere,The Film Emotional Atyachar,Yes
Ram Gopal Verma,Shiva,No
Gaurav Panjwani,Second Marriage Dot Com,Yes
Suresh Kumar,Dimaag Ki Dahi,Yes
Aman Mihani,Mumbai Mast Kallander,Yes
Akram Shaikh,Love In Japan,Yes
Nagesh Kukunoor,Lakshmi,No
Rakesh Parmar,Bobby - Love & Lust,Yes
Sandeep Kumar,Ek Hi Bhool,No
Sumit Roy King,Ek Chatur Naar,Yes
Amol Palekar,The Quest,No
Raja Unnithan,Hello Zindagi,Yes
Mukesh R.K. Chouksey,Young - The Powerful Blood,Yes
Mukesh R.K. Chouksey,Tantiya Bheel,No
Vedant Vishnoi,Chutki Bajaa Ke,Yes
Swapnil Koche,Emptiness Tere Bina,Yes
Sachin P. Karande,Payback,Yes
Anees Javed,Abhi To Raat Hai,Yes
Abbas - Mustan,Machine,No
Srinivasa Anjanappa,Rang-E-Ishq,Yes
Pooja Bhatt,Dhokha,No
Yusuf Ali Khan,The Untold Story Aahinsa,Yes
Mazhar Kamran,Mohandas,Yes
Aejaz Gulab,Ab Tak Chhappan 2,Yes
Goutam Ghose,Yatra,No
Kabir Sadanand,Tum Milo Toh Sahi,No
Ram Gopal Verma,The Attacks Of 26/11,No
Tigmanshu Dhulia,Shagird,No
K.P. Sasi,Ek Alag Mausam,Yes
Pradeep Kumawat,Maharana Pratap - The First Freedom Fighter,Yes
Hirdesh Kamble,Pranali - The Tradition,Yes
Avantika Hari,Land Gold Women,Yes
Rohit Nayyar,Shadow,No
Abhishek Chaubey,Ishqiya,Yes
Abhishek Chaubey,Dedh Ishqiya,No
Anu Menon,Waiting,No
Aparnaa Singh,Irada,Yes
Hriday Shetty,Chaalis Chauraasi,No
Kabeer Kaushik,Maximum,No
Makarand Deshpande,Sona Spa,No
Manish Shrivastava,Charlie Kay Chakkar Mein,No
Nandita Das,Firaaq,Yes
Neeraj Pandey,A Wednesday!,Yes
Rahul Dholakia,Parzania,No
Raja Krishna Menon,Barah Aana,No
Shivam Nair,Maharathi,No
Shrey Srivastava,Men Not Allowed,No
Shakeel S. Saifee,Anjunaa Beach,No
Shiraz Henry,The Dark Secrets Of Tonhi,Yes
Zaid Ali Khan,Khwaabb,Yes
Amit Masurkar,Sulemani Keeda,Yes
Sunil Pal,Bhavnao Ko Samjho,Yes
Amit Kumar,Monsoon Shootout,Yes
Anurag Kashyap,Gangs Of Wasseypur 2,No
Anurag Kashyap,Raman Raghav 2.0,No
Ketan Mehta,Manjhi - The Mountain Man,No
Kushan Nandy,Babumoshai Bandookbaaz,No
Shlok Sharma,Haraamkhor,Yes
Sohail Khan,Freaky Ali,No
Ashu Trikha,Sheesha,No
Ashwini Chaudhary,Siskiyaan,No
Rakesh Ranjan Kumar,Gandhi To Hitler,Yes
Anubhav Sinha,Tum Bin 2,No
Jehangir Surti,Aa Dekhen Zara,Yes
Madhur Bhandarkar,Jail,No
Pradeep Sarkar,Lafangey Parindey,No
Shantanu Ray Chhibber,3G,Yes
Sriram Raghavan,Johnny Gaddaar,No
Susi Ganesh,Shortcut Romeo,Yes
Shailendra Singh Rajput,Bipasha - The Black Beauty,Yes
E. Niwas,My Name is Anthony Gonsalves,No
Om Verma,Jaisi Karni Waisi Bharni,Yes
Ganesh Acharya,Angel,No
Ejaz Ahmed,Yeh Metro Zindagi,No
Monish Kaushal,Ek Thee Sanam,Yes
Shailesh Verma,Badlapur Boys,Yes
Shashi Sudigala,Cycle Kick,Yes
Amit Vats,Titoo MBA,No
Manoj Palrecha,Wah Re Ye Duniya,Yes
Nandu Chaudhary,Shraddha Shakti Jai Ambe Maa,Yes
Ujjwal Thengdi,In The Name Of.. Tai - Tai Ke Naam,Yes
Ram Gopal Verma,Agyaat,No
Bhabani Prasad,Love U Crazy Girl,No
Ajai Sinha,Khap,No
Jasbir Bhaati,Uvaa,Yes
Rahul Aggarwal,Na Ghar Ke Na Ghaat Ke,Yes
Rajan Kothari,Panga Naa Lo,Yes
Sumeet Chawla,Khallas,Yes
Vishal Bhandari,The Hangman,Yes
Anusha Rizvi,Peepli [Live],Yes
Shareeph Mansuri Saranwala,Munna Mange Memsaab,Yes
Varun Middha,Ebn-E-Batuta,Yes
Anshuman G. Barua,Shivam,Yes
Bhavna Talwar,Dharm,Yes
Rajiv Mehra,Chala Mussaddi - Office Office,No
Vishal Bhardwaj,The Blue Umbrella,No
Vivek Agnihotri,Hate Story,No
Braj Bhushan,M3 - Midsummer Midnight Mumbai,Yes
Amit Rai,Road  To Sangam,Yes
Fuwad Khan,Dharam Sankat Mein,Yes
Naseeruddin Shah,Yun Hota Toh Kya Hota,Yes
Rahul Rawail,Buddha Mar Gaya,No
Paritosh Goswami,Kabhi Yun Bhi Toh Ho...,Yes
Yashwant Ingavale,Vighnaharta Shree Siddhivinayak,Yes
Imtiaaz J. Khan,Husn - Love & Betrayal,Yes
Amol Gupte,Stanley Ka Dabba,Yes
Vishal Aryan Singh,United Six,Yes
Pravin Dabbas,Sahi Dhandhe Galat Bande,Yes
Piyush Jha,Sikandar,No
Vikram Bhatt,Love Games,No
Partho Ghosh,Chetna - The Excitement,No
Sunjay S. Zaveri,Fun... Can Be Dangerous Sometimes,Yes
T.L.V. Prasad,Mazaa Mazaa...,No
Vicky G.,Laila - A Mystery,Yes
Santosh Badal,Hey Bholenath,Yes
Salim Raza,Haunted Child,No
Ravi Basera,Khandala House,Yes
Amit Saxena,Nasha,No
S.S. Rajamouli,Bahubali - The Beginning,Yes
S.S. Rajamouli,Bahubali 2 - The Conclusion,No
A.L. Vijay,Tutak Tutak Tutiya,Yes
Remo D'Souza,ABCD - Any Body Can Dance,No
Prajakt Rebeloma,Last Benchers,Yes
Ravi Pun,Yeh Pal Ho Na Ho... Kal,Yes
Vicky Ranawat,Qayamat Hi Qayamat,No
Praveen Bhardwaj,Mr. Singh Mrs. Mehta,Yes
Gautham Menon,Ekk Deewana Tha,No
Manish Tiwary,Issaq,No
Raghav Dar,My Friend Pinto,Yes
Nila Madhab Panda,Jalpari - The Desert Mermaid,No
Kamal Nathani,With Luv... Tumhaara,Yes
Deepa Mehta,Videsh,No
Prem Soni,Ishkq In Paris,No
Sudeep D. Mukherjee,Needar - The Fearless,Yes
Dashrath Kacharawat,Om Shanti - Fight For Peace,Yes
Makarand Deshpande,Shahrukh Bola Kubsoorat Hai Tu,Yes
Dhirendra Agarwal,Mere Gharib Nawaz,No
Om Prakash Sharma,Sunsaan Mahal,Yes
Ashutosh Gowariker,What's Your Raashee,No
Jugal Hansraj,Pyaar Impossible!,No
Madhur Bhandarkar,Fashion,No
Omung Kumar,Mary Kom,Yes
Prakash Jha,Jai Gangaajal,No
Vishal Bhardwaj,7 Khoon Maaf,No
Deepak Ramsay,Koi Mere Dil Mein Hai,Yes
Ujjwal Chatterjee,Utthaan,No
Divya Khosla,Sanam Re,No
Mrighdeep Singh Lamba,Fukrey,No
Mrighdeep Singh Lamba,Fukrey Returns,No
Supavitra Babul,Bittoo Boss,Yes
Umesh Bist,O Teri,Yes
Vivek Agnihotri,Junooniyat,No
Ram Gopal Verma,Satya 2,No
Alankrita Shrivastava,Turning 30!!!,Yes
Girish Malik,Jal,Yes
Harsh Kohli,Kaun Ho Sakta Hai?,Yes
Shawn Arranha,Hide & Seek,Yes
Santosh Sivan,Tahaan,No
Abhishek Bindal,Meinu Ek Ladki Chaahiye,Yes
Pushkar Jog,Huff! It's Too Much,Yes
Anand L. Rai,Tanu Weds Manu,No
Anand L. Rai,Tanu Weds Manu Returns,No
Ashwini Chaudhary,Jodi Breakers,No
Sanjay Dayma,Ramji Londonwaley,Yes
James Erskine,Sachin - A Billion Dreams,Yes
Vikram K. Kumar,13B,Yes
Deepak Shivdasani,Julie 2,No
Leena Yadav,Parched,No
Pawan Kirpalani,Phobia,No
Atlanta Nagendra,Mumbhai Connection,Yes
Amjad Khan,Le Gaya Saddam,Yes
Chandramohan Nillay,Azaan - The Awakening Call,Yes
Pritish Chakraborty,Chal Pichchur Banate Hain,Yes
Kaushal Singh,Mumbai Aadhi Raat Mein,Yes
Vikrant Bhatt,Yeh Hai U Turn,Yes
Akhilesh Jaiswal,Mastram,Yes
Aparna Sen,The Japanese Wife,No
Barnali Ray Shukla,Kucch Luv Jaisa,Yes
Kittu Saluja,Chain Kulii Ki Main Kulii,Yes
Saket Chaudhary,Pyaar Ke Side Effects,Yes
Samar Khan,Shaurya,No
Vinta Nanda,White Noise,Yes
Anil Senior,Dil Kabaddi,Yes
Anurag Singh,Raqeeb,Yes
Sabal Singh Shekhawat,Fireflies,Yes
Rajiv S. Ruia,My Friend Ganesha 3,No
Aditya Kaushik,Crime Partner,Yes
P. Jitendra,Meri Aashiqui,Yes
T.L.V. Prasad,Naughty Boy,No
T.L.V. Prasad,Phir Tauba Tauba,No
Trilok Chaudhary,Don't Break My Heart - Her Story,Yes
Sanjay D. Singh,Kachchi Sadak,Yes
Lakhvinder Singh,Thore - Keep Distance,Yes
Vicky Ranawat,Haseena,No
Arjun Raj,Hot Mashooka - A Dangerous Lover,Yes
Shakeel S. Saifee,Kaamguru,Yes
Shakeel S. Saifee,Mastani Bhabhi,Yes
Maneej Premnath,The Waiting Room,Yes
Sushil Rajpal,Antardwand,Yes
Gitanjali Sinha,Yeh Khula Aasman,Yes
Karan Razdan,Eight - Shani,No
P. Vinod Gupta,13 May Gulabi Nagar,Yes
Sunil Prem Vyas,Take It Easy,Yes
Jagdish Thanwar,Jai Jagdambey Maa,Yes
S.P. Muneshwar,Ashok Chakra Tribute To Real Heroes,Yes
Aziz Chhapra,Dhamkee - The Extortion,Yes
Amol Palekar,...And Once Again,No
Pryas Gupta,Siddharth - The Prisoner,Yes
Rangita Pritish Nandy,Raat Gayi Baat Gayi,Yes
Saurabh Shukla,I Am 24,No
Sharat Katariya,10ml Love,Yes
Subhash Kapoor,Phas Gaye Re Obama,Yes
Ejaz Ahmed,Who's There? Kaun Hai Wah?,Yes
Aditya Datt,Table No. 21,Yes
Anish Khanna,Ishq Actually,Yes
Bejoy Nambiar,Shaitan,Yes
Kaushik Ghatak,Samrat & Co.,No
Neerav Ghosh,Soundtrack,Yes
Raj Kumar Gupta,Aamir,Yes
Dharam Veer Billa,Tera Pati Mera Pyar,Yes
Lawrence D'Souza,Radha Ne Mala Japi Shyam Ki,No
Shashanka Ghosh,Quick Gun Murugun,No
Vicky Bhardwaj,Hair Is Falling,Yes
Akash Pandey,Do Dilon Ke Khel Mein,Yes
Ashok Tyagi,Riyasat,No
B.H. Tharun Kumar,Kaashh....Mere Hote,No
Rakesh Sawant,Wafaa,No
Gorky,Men Will Be Men,Yes
P. Subhash,Jai Mahalaxmi,Yes
Muneer Khan,Jism Farosh,No
Priyanka,Namkeen,No
Raaj Mukherjee,The Night Of The Interview,Yes
Krishna Mishra,Beehad - The Ravine,No
Arsala Qureishi,The Unforgettable,Yes
Rajesh Ganguly,Blue Oranges,Yes
Y.P. Singh,Kya Yahi Sach Hai,Yes
Ajay K. Pannanlal,Behen Hogi Teri,Yes
Amit Vats,Boyss Toh Boyss Hain,Yes
Dibakar Banerjee,Love Sex Aur Dhokha,No
Hansal Mehta,Citylights,No
Pawan Kirpalani,Ragini MMS,Yes
Ratna Sinha,Shaadi Mein Zaroor Aana,Yes
Vikramaditya Motwane,Trapped,No
Chandrakant Singh,Be Careful,No
Girish Dhamija,Phhir,Yes
V.K. Singh,Spark,No
Vikram Bhatt,1920,No
Aziz Khan,Undertrial,Yes
Chandan Arora,Main Meri Patni Aur Woh,No
Chandrakant Singh,Rama Rama Kya Hai Drama,Yes
Dilip Shukla,Hello Hum Lallann Bol Rahe Hain,No
Rajpal Yadav,Ata Pata Laapata,Yes
Salar Shaikh,Hai Golmaal In White House,Yes
T.K. Rajiv Kumar,Kushti,No
Uday Kant,Ladies Tailor,Yes
Vikram Pradhan,Masti Express,Yes
Mohit Hussein,Kaisay Kahein,Yes
Mohan Sharma,Ruslaan,No
Suhail Azmi,Ek Zakhm - The Blast,Yes
Ahmed Siddiqui,Jai Santoshi Maa,Yes
Dev Bsu,Jaadu Sa Chal Gaya,Yes
Vinod Chhabra,My Husband's Wife,No
Apoorva Lakhia,Zanjeer,No
Hridhay Sharma,Victoria House,No
Abhinav Kashyap,Besharam,No
Anurag Basu,Barfi!,No
Anurag Basu,Jagga Jasoos,No
Anurag Kashyap,Bombay Velvet,No
Ayan Mukherji,Wake Up Sid,Yes
Ayan Mukherji,Yeh Jawaani Hai Deewani,No
Imtiaz Ali,Rockstar,No
Imtiaz Ali,Tamasha,No
Karan Johar,Ae Dil Hai Mushkil,No
Nitish Tiwari,Chillar Party,Yes
Prakash Jha,Raajneeti,No
Rajkumar Santoshi,Ajab Prem Ki Ghazab Kahani,No
Sanjay Leela Bhansali,Saawariya,No
Shimit Amin,Rocket Singh: Salesman Of The Year,No
Siddharth Anand,Bachna Ae Haseeno,No
Siddharth Anand,Anjaana Anjaani,No
Vikramjit Singh,Roy,Yes
Ahishor Solomon,John Day,Yes
Arjun Chandramohan Bali,Ru-Ba-Ru,Yes
Deepak Tijori,Do Lafzon Ki Kahani,No
Imtiaz Ali,Highway,No
Madhureeta Anand,Mere Khwabon Mein Jo Aaye,Yes
Manish Gupta,Karma Aur Holi,Yes
Prawal Raman,Main Aur Charles,No
Srinivas Bhashyam,Love Khichdi,No
Syed Ahmed Afzal,Laal Rang,No
Vishesh Bhatt,Murder 3,Yes
Vishram Sawant,D,Yes
Vishram Sawant,Risk,No
Karan Johar,Bombay Talkies,No
Pradeep Sarkar,Laaga Chunari Mein Daag,No
Pradeep Sarkar,Mardaani,No
Sachin Kundalkar,Aiyyaa,Yes
Ramesh Khatkar,Toss,Yes
Vishal Mahadkar,3:00 AM,No
Aditya Chopra,Befikre,No
Ali Abbas Zafar,Gunday,No
Maneesh Sharma,Band Baaja Baaraat,Yes
Maneesh Sharma,Ladies vs Ricky Bahl,No
Sanjay Leela Bhansali,Goliyon Ki Raasleela Ram - Leela,No
Sanjay Leela Bhansali,Bajirao Mastani,No
Shaad Ali,Kill Dil,No
Vikramaditya Motwane,Lootera,No
Zoya Akhtar,Dil Dhadakne Do,No
Rajat Kapoor,Mixed Doubles,No
Rajat Kapoor,Mithya,No
Rajat Kapoor,Fatso,No
Surendra Singh Rathore,Kahani Ek Devi Ki...,Yes
Karan Gour,Kshay,Yes
Ashtar Sayed,Maatr,Yes
Sandeep Kumar,Parveen Bobby,No
Prasun Banerjee,Sweet Love,No
Ravi Kapoor,World Cupp 2011,Yes
Dinesh Avasthi,Raja Bhai Lagey Raho,No
Manish Vatsalya,Jeena Hai Toh Thok Daal,Yes
Suneet Arora,Chitkabrey,Yes
Fahim Khan,Ek Baar Aao Na,Yes
Aalima Ahmed,Khwaja Mere Khwaja,Yes
Shashi Shekhar,Ek Baar Maza Lijiye,Yes
Md. Mehatabul Haque,18.11 A Code Of Secrecy...!,Yes
Farhan Mirza,Jaana... Lets Fall In Love,Yes
Indra Kumar,Super Nani,No
Romilla Mukherjee,Detective Naani,Yes
Subodh Govil,Swarg Aashram,Yes
Kumar Raj,Tara - The Journey Of Love & Passion,No
Sandeep Solanki,Teesra Shabd,Yes
Suryaveer Singh Bhullar,Tamanchey,Yes
Manoj Sharma,Swaha,No
Milind Swamy,Jeena To Hai,No
Rakesh Chaturvedi,Bolo Raam,Yes
B.H. Tharun Kumar,Love Ke Chakkar Mein...,No
Habib Faisal,Do Dooni Chaar,Yes
Hriday Shetty,Pyaar Mein Twist,No
Ranjit Kapoor,Chintuji,Yes
Sanjay Chhel,Patel Ki Punjabi Shaadi,No
Rajesh Ram Singh,Khushboo,Yes
Shakir Khan,Ishq Ke Parindey,Yes
Rita S. Roy,Naari Teri Shakti Anokhi,Yes
E. Niwas,De Taali,No
Indra Kumar,Dhamaal,No
Indra Kumar,Grand Masti,No
Indra Kumar,Great Grand Masti,No
Karan Anshuman,Bangistan,Yes
Mandeep Kumar,Tere Naal Love Ho Gaya,Yes
Milap Zaveri,Jaane Kahan Se Aayi Hai,Yes
Priyadarshan,Malamaal Weekly,No
Sangeeth Sivan,Apna Sapna Money Money,No
Sujoy Ghosh,Aladin,No
Vivek Sharma,Kal Kissne Dekha,No
Sanoj Mishra,Mahidpur 0 K.M.,Yes
Anup Das,Life Express,Yes
Dinesh P. Bhonsle,Calapor,Yes
Tarique Khan,A Strange Love Story,No
Sonam Nair,Gippi,Yes
Apurv Bajpai,Amdavad Junction,Yes
Karan Razdan,Mittal Vs Mittal,No
Kushan Nandy,Hum Dum,No
Ravi Bhatia,2 Little Indians,Yes
Anurag Kashyap,Ugly,No
Vikramaditya Motwane,Udaan,Yes
Anjan Dutt,Chowrasta - Crossroads Of Love,No
Amit Kasaria,I Don't Luv U,Yes
Robby Grewal,MP3 - Mera Pehla Pehla Pyaar,No
Satish Kaushik,Teree Sang,No
Sudha Kongara,Saala Khadoos,Yes
Mustafa Engineer,Chand Ke Paar Chalo,No
Ankush Bhatt,Mumbai Mirror,No
Kaizad Gustad,Jackpot,No
Prashant Chadha,Aazaan,Yes
Sachin,Jaana Pehchana,No
Pramod Joshi,Chhodo Kal Ki Baatein,Yes
Shyam Benegal,Bose - The Forgotten Hero,No
Sikander Bhatia,Mobile Phone,No
Abhik Bhanu,Sab Kuch Nahin Kuch Bhi Nahin,Yes
K. Ashfaq,Siyasat - The Politics,Yes
Santosh Mishra,The Hero - Abhimanyu,Yes
Nila Madhab Panda,Babloo Happy Hai,No
Hadi Abrar,Ramaa - The Saviour,Yes
Sabir Shaikh,Double Cross - Ek Dhoka,No
Sunny Bhambhani,Love Express,Yes
Dinesh Parihar,Anna Ka Andolan,Yes
Sahil Prem,M.A.D - Mad About Dance,Yes
Abbas - Mustan,Race,No
Abbas - Mustan,Race 2,No
Homi Adajania,Being Cyrus,Yes
Homi Adajania,Cocktail,No
Imtiaz Ali,Love Aaj Kal,No
Kabir Khan,Phantom,No
Kunal Kohli,Thoda Pyaar Thoda Magic,No
Lawrence D'Souza,Sanam Teri Kasam,No
Pradeep Sarkar,Parineeta,Yes
Prakash Jha,Aarakshan,No
Raj Nidimoru,Go Goa Gone,Yes
Raj Nidimoru,Happy Ending,No
Raja Krishna Menon,Chef,No
Renzil D'Silva,Kurbaan,Yes
Sajid Khan,Humshakals,No
Siddharth Anand,Salaam Namaste,Yes
Siddharth Anand,Ta Ra Rum Pum,No
Sriram Raghavan,Agent Vinod,No
Tigmanshu Dhulia,Bullet Raja,No
Syed Rushdi Hasan,Yeh Ishq.....Nahin,Yes
Sunil Advani,Life Mein Hungama Hai,Yes
Rabi Kisku,Software Hardware Kya Yaaron,Yes
Rupender Verma,Laal Kranti,Yes
Pradeep Maru,Petrol,Yes
Abhinav Kashyap,Dabangg,Yes
Ali Abbas Zafar,Sultan,No
Ali Abbas Zafar,Tiger Zinda Hai,No
Anees Bazmee,Ready,No
Anil Sharma,Veer,No
Arbaaz Khan,Dabangg 2,Yes
David Dhawan,Maine Pyaar Kyun Kiya?,No
David Dhawan,Partner,No
K.S. Adhiyaman,Shaadi Karke Phas Gaya Yaar,No
Kabir Khan,Ek Tha Tiger,No
Kabir Khan,Bajrangi Bhaijaan,No
Kabir Khan,Tubelight,No
Nikhil Advani,Salaam-E-Ishq,No
Prabhu Deva,Wanted,Yes
Prem Soni,Main Aurr Mrs. Khanna,Yes
Priyadarshan,Kyon Ki,No
Ravi Chopra,Baabul,No
Rumi Jaffery,God Tussi Great Ho,Yes
Saawan Kumar Tak,Saawan... The Love Season,No
Sajid Nadiadwala,Kick,Yes
Siddique,Bodyguard,Yes
Sohail Khan,Jai Ho,No
Sooraj Barjatya,Prem Ratan Dhan Payo,No
Subhash Ghai,Yuvvraaj,No
Vinay Sapru,Lucky - No Time for Love,Yes
Vipul Amrutlal Shah,London Dreams,No
Willard Carroll,Marigold,Yes
Vijay Patkar,Riwayat,Yes
Rahul Kapoor,Bas Ek Tamanna,Yes
Mani Shankar,Mukhbiir,No
Rajan Waghdhare,Love Kaa Tadka,Yes
Abhinay Deo,Game,Yes
Dilip Shankar,Nigehbaan - The Third Eye,No
Raj Sharma,Rafta Rafta - The Speed,Yes
Shivram Yadav,Madhubaala,No
Shakeel S. Saifee,Main Hoon Kharidaar,Yes
Mehul Kumar,Krantiveer - The Revolution,No
Shahab Shamsi,Chand Sa Roshan Chehra,Yes
K.C. Bokadia,Bold,No
T.L.V. Prasad,Ek Se Mera Kya Hoga,No
Sunil Sharma,31st Night,No
Ram Gopal Verma,Veerappan,No
Kkailash Mali,Bandaa,Yes
Sarthak Dasgupta,The Great Indian Butterfly,Yes
Kumar Baadal,Valentines's Night,Yes
Afzal Khan,Mehbooba,No
Ajay Chandhok,Nehlle Pe Dehlla,Yes
Ajay Chandhok,Chatur Singh Two Star,No
Anand Kumar,Zilla Ghaziabad,No
Anubhav Sinha,Dus,No
Anubhav Sinha,Tathastu,No
Indra Kumar,Double Dhamaal,No
K.S. Ravikumar,Policegiri,Yes
Leena Yadav,Shabd,Yes
Mani Shankar,Knock Out,No
Omung Kumar,Bhoomi,No
Rahul Dholakia,Lamhaa,No
Rajkumar Hirani,Lage Raho Munnabhai,No
Ram Gopal Verma,Department,No
Raman Kumar,Sarhad Paar,No
Sanjay Gupta,Zinda,No
Saurabh Kadra,EMI,Yes
Soham Shah,Luck,No
Bhupendra Gupta,Unns,Yes
Jay Prakash,Sauda - The Deal,No
Bali Grover,Kiska Hai Intezaar,Yes
Kumar Raj,Manthan Ek Kashmakash,Yes
Anshul Sharma,Saare Jahaan Se Mehnga,Yes
Rajat Kapoor,Ankhon Dekhi,No
Shailendra Singh Rajput,Pyaar Ka Live Show,No
Rajiv Nath,Anubhav,Yes
Sankalp Shrivastava,Jai Singh Are Baap Re,Yes
Salim Raza,The Adventure Of Haunted House,No
Gurmmeet Singh,Warning,Yes
Chandini Gupta,Premsutra,No
Kanti Shah,Khooni,No
Kanti Shah,Angoor,No
Kanti Shah,Kachchi Kali,No
Kanti Shah,Darinda,No
Kanti Shah,Free Entry,No
Kanti Shah,No Parking,No
Kanti Shah,Gabbar Singh,No
Kishan Shah,Munnibai B.A. B. Com,No
Amol Gupte,Hawaa Hawaai,No
Ashima Chibber,Mere Dad Ki Maruti,Yes
Nupur Asthana,Mujhse Fraaandship Karoge,Yes
Pan Nalin,Angry Indian Goddesses,Yes
Sabyasachi Mohapatra,Jai Jagannath,Yes
Abhigyan Jha,Sacred Evil - A True Story,Yes
Rajesh Bajaj,Hari Puttar - A Comedy Of  Terrors,Yes
Priya Krishnaswamy,Gangoobai,Yes
Sartaj Singh Pannu,Soch Lo,Yes
Mannish Goel,Hum Phirr Milein Na Milein,Yes
Prakash Saini,Meri Padosan,Yes
Sandeep A. Varma,Manjunath,Yes
Kishan Shah,2 Piece,No
Deepak Tanwar,Ab Hoga Dharna Unlimited,Yes
Krishna Mishra,Wounded,Yes
Harish Bhonsle,Ankush - The Command,Yes
Shashi Ranjan,Dhoom Dadakka,No
Alok Shrivastava,The Unsound,Yes
Nitin Kakkar,Filmistaan,Yes
Ajit Varma,Operation Mumbai,Yes
Aparna Sen,15 Park Avenue,Yes
Jayant Gilatar,Chalk N Duster,No
Manish Acharya,Loins Of Punjab Presents,Yes
Sarovar Banka,A Decent Arrangement,Yes
Shomshuklla Das,Sandcastle,Yes
Anurag Singh,Dil Bole Hadippa,No
Aziz Mirza,Kismat Konnection,No
Imtiaz Ali,Jab We Met,No
Ken Ghosh,Chance Pe Dance,No
Kunal Kohli,Teri Meri Kahaani,No
Mahesh Manjrekar,Vaah! Life Ho Toh Aisi!,No
Milind Ukey,Paathshaala,No
Pankaj Kapoor,Mausam,Yes
Parmeet Sethi,Badmaash Company,Yes
Prabhu Deva,R... Rajkumar,No
Priyadarshan,Chup Chup Ke,No
Rajkumar Santoshi,Phata Poster Nikhla Hero,No
Satish Kaushik,Milenge Milenge,No
Sooraj Barjatya,Vivah,No
Vikas Bahl,Shaandaar,No
Vishal Bhardwaj,Kaminey,No
Vishal Bhardwaj,Haider,No
Vishal Bhardwaj,Rangoon,No
Laljibhai Patel,Tu Bewafa Hai,Yes
Mohd. Shamim Khan,Dekha Jo Pehli Baar,Yes
Aditya Chopra,Rab Ne Bana Di Jodi,No
Amol Palekar,Paheli,No
Anubhav Sinha,Ra.One,No
Farah Khan,Om Shanti Om,No
Farah Khan,Happy New Year,No
Farhan Akhtar,Don - The Chase Begins Again,No
Farhan Akhtar,Don 2,No
Imtiaz Ali,Jab Harry Met Sejal,No
Karan Johar,Kabhi Alvida Na Kehna,No
Karan Johar,My Name Is Khan,No
Maneesh Sharma,Fan,No
Rahul Dholakia,Raees,No
Rohit Shetty,Chennai Express,No
Rohit Shetty,Dilwale,No
Shimit Amin,Chak De India,No
Yash Chopra,Jab Tak Hai Jaan,No
Shahzad Pathan,Us Disha Mein,Yes
Kanti Shah,Garam Padosan,No
Prateek Chakravorty,From Sydney With Love,Yes
Sanjiv Kolte,Ek Pal Pyar Ka,Yes
Ajai Sinha,3 Bachelors,No
Faraz Haider,War... Chhod Na Yaar,Yes
Faruk Kabir,Allah Ke Banday,Yes
Kedar Shinde,Toh Baat Pakki,Yes
Onir,Sorry Bhai!,No
Rajesh Mapuskar,Ferrari Ki Sawaari,Yes
Satish Kaushik,Gang Of Ghosts,No
Tinu Suresh Desai,1920 London,Yes
Vishal Pandya,Wajah Tum Ho,No
Sangeeta Datta,Life Goes On,Yes
Ashok Gaikwad,2 Chehare,No
Karan,Love Aur Sex,Yes
Sanjay Bhatia,99.9 FM,Yes
Wilson Louis,Mallika,No
Deepak K. Bajaj,Chehra - The Unknown Mask,Yes
Vinod Pande,Red Swastik,No
Aman Soni,Sanak - The Deadly Passion,Yes
Deepak Tijori,Khamoshh... Khauff Ki Raat,No
Kunal Shivdasani,Hijack,Yes
Mohit Suri,Woh Lamhe,No
Puja Jatinder Bedi,Ghost,Yes
Ruchi Narain,Kal - Yesterday & Tomorrow,Yes
Sudhir Mishra,Hazaaron Khwaishein Aisi,No
Sudhir Mishra,Khoya Khoya Chand,No
Vinod Pande,Sins,Yes
Tarun Dhanrajgir,Kis Hudh Tak...,Yes
Rajesh Pandey,Karle Pyaar Karle,Yes
Suneel Darshan,Ek Haseena Thi Ek Deewana Tha,No
Apoorva Lakhia,Haseena Parkar,No
Bumpy,Luv Ka The End,Yes
Nimu Bhowmick,Pratyavartan - The Homecoming,Yes
Aaditya Datt,Will You Marry Me?,No
Indrajit Nattoji,Aagey Se Right,Yes
Mrighdeep Singh Lamba,Teen Thay Bhai,Yes
Nagesh Kukunoor,Iqbal,No
Nagesh Kukunoor,Bombay To Bangkok,No
Paritosh Painter,Paying Guests,Yes
Priyadarshan,Kamaal Dhamaal Malamaal,No
Sangeeth Sivan,Click,No
Shyam Benegal,Welcome to Sajjanpur,No
Rohit Nayyar,Aasma - The Sky Is the Limit,No
Shubh,Shakal Pe Mat Ja,Yes
Mohan Savalkar,Nakshatra,Yes
Adi Irani,Raqt,Yes
Siddhant Kumar,Raat Abhi Baaki Hai,Yes
Chandan Arora,Striker,No
Sanjay Surker,Stand By,Yes
Aman Sachdeva,Kuku Mathur Ki Jhand Ho Gayi,Yes
Manish Jha,Anwar,No
Amit Khanna,Tutiya Dil,Yes
Krishna D.K,A Gentleman - Sundar Susheel Risky,No
Mohit Suri,Ek Villain,No
Nitya Mehra,Baar Baar Dekho,Yes
Shakun Batra,Kapoor & Sons,No
Vinil Mathew,Hasee Toh Phasee,Yes
Hansal Mehta,Woodstock Villa,No
Suhail Tatari,Summer 2007,Yes
Ashok Vishwanath,Gumshuda,Yes
Bisham Kohli,Aaj Ka Neta,No
Tarun Wadhwa,Beda Paar Karte Bhagwan Amarnath,No
Kumar Bablu,Malika - The Fire,Yes
Rajshree Ojha,Chaurahen,No
Abhishek Kapoor,Aryan,Yes
Ajay Chandhok,Team - The Force,No
Atul Agnihotri,Hello,No
Samir Karnik,Heroes,No
Sooni Taraporevala,Little Zizou,Yes
A.R. Murugadoss,Akira,No
Sunhil Sippy,Noor,No
Arindam Nandy,Via Darjeeling,Yes
Hamid Ali,Shraddha - In  The Name Of God,No
Nitin Mahadar,The Camp,Yes
Abhishek Dogra,Dolly Ki Doli,Yes
Rajshree Ojha,Aisha,Yes
Ram Madhvani,Neerja,Yes
Purrshottam,Item Girl,Yes
Kaushik Ghatak,Ek Vivaah... Aisa Bhi,Yes
Nikhil Advani,Hero,No
Gauri Shinde,English Vinglish,Yes
Ravi Udyawar,Mom,Yes
Jai Tank,Madholal Keep Walking,Yes
Hayat Asif,Mission - The Last War,Yes
S.K. Prasad,Garma Garam,Yes
Milind Gadagkar,Phoonk 2,Yes
Ram Gopal Verma,Phoonk,No
Sanjay Khandelwal,Unlimited Nasha,No
Kaaran Choudhary,Manoranjan - The Entertainment,Yes
Masud Mirza,Dhara,Yes
Amol Shetge,Love Recipe,No
Jagbir Dahiya,Kuch Kariye,Yes
Jagbir Dahiya,Khudi Ko Kar Buland Itna,No
Bappaditya Bandopadhyay,Devaki,Yes
Jaideep Chopra,Maazii,Yes
Anand Kumar,Desi Kattey,No
Anant Mahadevan,Red Alert - The War Within,No
Ashwini Dhir,One Two Three,Yes
Deepak Shivdasani,Mr. White Mr. Black,No
Jagdish C. Pandey,Barood - The Fire A Love Story,Yes
K. Murali Mohana Rao,Daddy Cool - Join The Fun,No
Mahesh Manjrekar,Padmashree Laloo Prasad Yadav,No
Rajnish Thakur,Mere Dost Picture Abhi Baaki Hai,No
Vishal Mishra,Coffee With D,Yes
Sunil Pal,Money Back Guarantee,No
Ahmed Khan,Fool N Final,No
Ammtoje Mann,Kaafila,No
Anil Sharma,Apne,No
Anil Sharma,Singh Saab The Great,No
Deepak Tijori,Fox,No
Guddu Dhanoa,Big Brother,No
Harry Baweja,Teesri Aankh - The Hidden Camera,No
K.C. Bokadia,Khuda Kasam,No
Neeraj Pathak,Right Yaa Wrong,No
Radhika Rao,I Love NY,Yes
Rahul Rawail,Jo Bole So Nihaal,No
Samir Karnik,Yamla Pagla Deewana,No
Sangeeth Sivan,Yamla Pagla Deewana 2,No
Shreyas Talpade,Poster Boys,Yes
Sunny Deol,Ghayal Once Again,No
Pawan Gill,Jo Hum Chahein,Yes
Bhushan Patel,Ragini MMS 2,No
Bobby Khan,Ek Paheli Leela,Yes
Devang Dholakia,Kuch Kuch Locha Hai,No
Jasmine Moses,One Night Stand,Yes
Pooja Bhatt,Jism 2,No
Shyam Ramsay,Neighbours,No
Aatish Kapadia,Khichdi The Movie,Yes
Suraj Dev Sahu,Yahi To Pyar Hai,Yes
Ram Gopal Verma,Rakht Charitra 2,No
Vishal Pandya,Hate Story 2,No
Piyush Chakravarty,Lady Dabangg Aaj Bbhi,Yes
Jaideep Varma,Hulla,Yes
Sunanda Mitra,Idiot Box,Yes
Abhishek Kapoor,Kai Po Che,No
Dibakar Banerjee,Detective Byomkesh Bakshy,No
Dinesh Vijan,Raabta,Yes
Maneesh Sharma,Shuddh Desi Romance,No
Neeraj Pandey,M.S. Dhoni - The Untold Story,No
Suresh Jain,Munni Metric Pass,No
Kalpana Lajmi,Chingaari,No
Tanuja Chandra,Zindaggi Rocks,No
Ritesh Menon,Crazy Cukkad Family,Yes
Ashwiny Iyer Tiwari,Nil Battey Sannatta,Yes
Avinash Das,Anaarkali Of Aaraah,Yes
Avinash Kumar Singh,Listen... Amaya,Yes
Debaloy Dey,Machhali Jal Ki Rani Hai,Yes
Ambrish Sangal,Tension Doooor,No
Swaroop Kanchi,Yeh Dil Ramta Jogi,No
Ajay Yadav,Overtime,Yes
K. Ravi Raj,Mastaani... Lost In A Crowd Of Two,Yes
Dweep Raj Kochhar,Akkad Bakkad Bambey Bo,Yes
Wilson Louis,Kaalo,No
Shivam Nair,Naam Shabana,No
Ashok Kaul,Bhaggmati - The Queen Of Fortunes,No
Joe Rajan,Luv U Soniyo,Yes
Tanushri Chattrji Bassu,Purani Jeans,Yes
Dadu,Aadi Shakti,Yes
Jag Mundhra,Apartment,No
Raj Ahmed Khan,Ek Aur Sahaadat,Yes
Aqil A. R. Hashmi,Key Club,Yes
Suresh Jain,Best Partner,No
Suresh Jain,Bhiga Badan,No
Suresh Jain,Night Lover,No
Suresh Jain,Kaamwali,No
Suresh Jain,Ricksha Waali,No
Suresh Jain,Doodhwali,No
Suresh Jain,Machhiwali,No
Suresh Jain,Barwali,No
Suresh Jain,College Girl,No
Dilip Gulati,Gumnaam,No
Amy Thanawala,Suno Na... Ek Nanhi Aawaz,Yes
Rakesh Sawant,Hot Money,No
D'Silva,Shrrameya - The Laborious,Yes
Sanjay Niranjan,Kaho Na Kaho,Yes
Vinod R. Thakur,Mission 11 July,Yes
Deep Saraswat,Murder In Mumbai,Yes
Milind Swamy,De De Ek Chumma De,Yes
Yogesh Mittal,Yeh Faasley,Yes
Rahat Kazmi,Identity Card,No
Remo D'Souza,A Flying Jatt,No
Sabbir Khan,Heropanti,No
Sabbir Khan,Baaghi,No
Sabbir Khan,Munna Micheal,No
J.J. Reddy,Karoongi Tujhe Khallaas,Yes
Mohan Bhakri,Ab Tumhari Bari,No
Rajesh Shera,Ocean Of An Old Man,Yes
Manav Kaul,Hansa,Yes
Manish Jha,Matrubhoomi,Yes
Raju Khan,Showbiz,Yes
Anant Mahadevan,Aggar,No
Krishna D.K,Shor In The City,No
Lovely Singh,Kya Love Story Hai,Yes
Milap Zaveri,Mastizaade,No
Priyadarshan,Dhol,No
S. Manasvi,Love U...Mr. Kalakaar!,Yes
Sachin Yardi,C Kkompany,Yes
Sachin Yardi,Kyaa Super Kool Hain Hum,No
Sagar Ballary,Hum Tum Shabana,No
Samir Karnik,Chaar Din Ki Chandni,No
Sangeeth Sivan,Kyaa Kool Hai Hum,No
Shashant Shah,Bajatey Raho,No
Umesh Ghadge,Kyaa Kool Hain Hum 3,Yes
Arjun Sablok,Neal N Nikki,No
Vinod Mukhi,Diary Of A Butterfly,No
Deepesh Shah,Ek Cheez Milegi Wonderful,Yes
Jyotiish,Baap Jaroor Banunga,Yes
Shams Durrani,Naari Ek Khilona,No
Babu,Lollypop,No
Pankaj Parashar,Banaras - A Mystic Love Story,No
Shripal Morakhia,Naina,Yes
Dinesh Chaudhary,Katto,Yes
Sanjeev Vedwan,Dear Vs Bear,Yes
Uunnat Duutt,Tere Pyaarr Mein Paapad,Yes
Sachin Yadav,Guardians Who Loved Us,Yes
Sanjeev Lakhan Patel,Jai Narmada Maiya,Yes
David Dhawan,Main Tera Hero,No
David Dhawan,Judwaa 2,No
Karan Johar,Student Of The Year,No
Remo D'Souza,ABCD 2,No
Shashank Khaitan,Humpty Sharma Ki Dulhania,Yes
Shashank Khaitan,Badrinath Ki Dulhania,No
Sriram Raghavan,Badlapur,No
Shekhar S. Jha,Eik Dasttak,Yes
Manish Gupta,Hostel,No
Hemant Madhukar,Mumbai 125 KM,No
Navin Batra,Real Life Of Supermodel,Yes
Rajiv S. Ruia,Zindagi 50-50,No
Hamid Ali,Yaaraa,No
Rupali Guha,Aamras,Yes
Mozez Singh,Zubaan,Yes
Anjan Dutt,Bow Barracks Forever,No
Wilson Louis,Ho Sakta Hai!,Yes
Milan Luthria,The Dirty Picture,No
Raj Kumar Gupta,No One Killed Jessica,No
Samar Shaikh,Bobby Jasoos,Yes
Srijit Mukherji,Begum Jaan,Yes
Sujoy Ghosh,Kahaani,No
Sujoy Ghosh,Kahaani 2,No
Suresh Triveni,Tumhari Sulu,Yes
Deven Bhojani,Commando 2,Yes
Dilip Ghosh,Commando,Yes
M. Irfan,Pyar Hawas Aur Dhokha,No
Dipu Karunakaran,Mission Tigers,Yes
Raj Pendurkar,Journey Bombay To Goa,Yes
Vijay Raaz,Kya Dilli Kya Lahore,Yes
Vijay Saxena,Don Ke Baad Kaun?,Yes
Bejoy Nambiar,David,No
Akash Dixit,Model - The Beauty,Yes
Rajkumar R. Pandey,Mahiya - Call Of Love...,Yes
Tanuja Chandra,Hope & A Little Sugar,No
Neeraj Sahai,Old Iss Gold,Yes
Arshad Khan,Trump Card,No
Deepak Balraj Vij,Mumbai Godfather,No
Ravi K. Patwa,Royal Utsav,No
Vikrant Mahajan,Challo Driver,Yes
M. Irfan,Kool Nahi Hot Hain Hum,Yes
Vinay Arora,Pehla Aashiq Pehla Qatil,Yes
Anil Chaudhary,Kaagaz Ke Fools,Yes
Deepa Sahi,Tere Mere Phere,Yes
Parvati Balagopalan,Straight,No
Sagar Ballary,Bheja Fry,Yes
Sagar Ballary,Bheja Fry 2,No
Saurabh Shukla,Pappu Can't Dance Saala,No
Shashant Shah,Dasvidaniya,Yes
Shashant Shah,Chalo Dilli,No
Sourabh Shrivastava,Oh. My God!!,Yes
Srikanth Velagaleti,Utt Pataang,Yes
Robert Lieberman,Speedy Singhs,Yes
Vidhu Vinod Chopra,Broken Horses,No
David Atkins,Queens! Destiny Of Dance,Yes
Narendra Kumar Sharma,Filmi Duniya,Yes
Ashu Trikha,Koyelaanchal,No
Zaigham Ali Sayed,Fast Forward,Yes
Vinod Painter,Gopa - The Freedom Fighter,Yes
Sameer Hanchate,Gafla,Yes
Sanjay Goel,Tum Hi To Ho,Yes
Ajay Bhuyan,Amit Sahni Ki List,Yes
Kabir Sadanand,Gollu Aur Pappu,No
Manoj Tyagi,Mumbai Salsa,Yes
Shekhar Ghosh,Sooper Se Ooper,Yes
Jayesh Gupta,Bacche Mann Ke Sacche,Yes
Apoorva Lakhia,Shootout At Lokhandwala,No
Apoorva Lakhia,Mission Istaanbul,No
Indra Kumar,Pyare Mohan,No
Kookie V. Gulati,Prince,Yes
Ram Gopal Verma,Rakht Charitra,No
Sachin Bajaj,Naksha,Yes
Sanjay Khanduri,Kismet Love Paisa Dilli,No
Subhash Ghai,Kisna,No
Sujoy Ghosh,Home Delivery,No
Vinnil Markan,Jayantabhai Ki Love Story,Yes
Rahat Kazmi,Impatient Vivek,No
Maninder Bhandari,Cocktail - The Deadly Combination,Yes
Naeem Khan,Ishq Na Karna,Yes
Amit Ojha,Ussey Kya Ho Jayega?,Yes
Mahesh Kenge,Lagan - The Dedication,Yes
Ravi Ved Chouhan,Jugatiya,Yes
Monazir Hasain,Pyaar Kaa Funda,Yes
Sanjeev Nanda,Ab To Sambhal,Yes
Arshad Siddiqui,Memsahab,Yes
Advait Chandan,Secret Superstar,Yes
Vineet Khetrapal,Satrangee Parachute,Yes
Anant Mahadevan,Aksar 2,No
Vishal Pandya,Hate Story 3,No
Gurmmeet Singh,Sharafat Gayi Tel Lene,No
Sahil Sangha,Love Breakups Zindagi,Yes
Suresh Krishna,Rocky,No
Vikram Bhatt,Speed,No
Vikram Chopra,Fight Club,Yes
Sanghamitra Chaudhuri,Strings Of Paasion,Yes
Sanjay Sharma,Dunno Y Na Jaane Kyun,No
Akbar Khan,Taj Mahal - An Eternal Love Story,Yes
Partho Ghosh,Mr. Hot Mr. Kool,No
